-- phpMyAdmin SQL Dump
-- version 4.8.3
-- https://www.phpmyadmin.net/
--
-- Servidor: 127.0.0.1:3306
-- Tiempo de generación: 08-05-2020 a las 12:06:45
-- Versión del servidor: 5.7.23
-- Versión de PHP: 7.2.10

SET SQL_MODE = "NO_AUTO_VALUE_ON_ZERO";
SET AUTOCOMMIT = 0;
START TRANSACTION;
SET time_zone = "+00:00";


/*!40101 SET @OLD_CHARACTER_SET_CLIENT=@@CHARACTER_SET_CLIENT */;
/*!40101 SET @OLD_CHARACTER_SET_RESULTS=@@CHARACTER_SET_RESULTS */;
/*!40101 SET @OLD_COLLATION_CONNECTION=@@COLLATION_CONNECTION */;
/*!40101 SET NAMES utf8mb4 */;

--
-- Base de datos: `u413467167_mdq`
--

-- --------------------------------------------------------

--
-- Estructura de tabla para la tabla `anio`
--

DROP TABLE IF EXISTS `anio`;
CREATE TABLE IF NOT EXISTS `anio` (
  `anio` int(11) NOT NULL,
  PRIMARY KEY (`anio`)
) ENGINE=MyISAM DEFAULT CHARSET=utf8 COLLATE=utf8_spanish_ci;

--
-- Volcado de datos para la tabla `anio`
--

INSERT INTO `anio` (`anio`) VALUES
(2018),
(2019),
(2020),
(2021),
(2022),
(2023),
(2024),
(2025),
(2026),
(2027),
(2028),
(2029),
(2030);

-- --------------------------------------------------------

--
-- Estructura de tabla para la tabla `asistencia`
--

DROP TABLE IF EXISTS `asistencia`;
CREATE TABLE IF NOT EXISTS `asistencia` (
  `id_asistencia` int(11) NOT NULL AUTO_INCREMENT,
  `id_persona` int(11) NOT NULL,
  `id_equipo` int(11) NOT NULL,
  `fecha` date NOT NULL,
  `descripcion` varchar(255) CHARACTER SET utf32 COLLATE utf32_spanish2_ci NOT NULL,
  PRIMARY KEY (`id_asistencia`),
  KEY `id_persona` (`id_persona`,`id_equipo`)
) ENGINE=MyISAM AUTO_INCREMENT=162 DEFAULT CHARSET=latin1;

--
-- Volcado de datos para la tabla `asistencia`
--

INSERT INTO `asistencia` (`id_asistencia`, `id_persona`, `id_equipo`, `fecha`, `descripcion`) VALUES
(152, 1, 3, '2018-07-27', 'Presente'),
(153, 6, 3, '2018-07-27', 'Ausente'),
(154, 7, 3, '2018-07-27', 'Ausente'),
(155, 8, 3, '2018-07-27', 'Presente'),
(156, 16, 3, '2018-07-27', 'Presente'),
(157, 17, 3, '2018-07-27', 'Presente'),
(158, 18, 3, '2018-07-27', 'Presente'),
(159, 20, 3, '2018-07-27', 'Presente'),
(160, 21, 3, '2018-07-27', 'Presente'),
(161, 26, 3, '2018-07-27', 'Ausente');

-- --------------------------------------------------------

--
-- Estructura de tabla para la tabla `asociaciones`
--

DROP TABLE IF EXISTS `asociaciones`;
CREATE TABLE IF NOT EXISTS `asociaciones` (
  `id_asociacion` int(11) NOT NULL AUTO_INCREMENT,
  `nombre` varchar(255) NOT NULL,
  `id_localidad` int(11) NOT NULL,
  `direccion` varchar(100) CHARACTER SET utf32 COLLATE utf32_spanish_ci NOT NULL,
  `telefono` varchar(30) CHARACTER SET utf32 COLLATE utf32_spanish_ci NOT NULL,
  `mail` varchar(100) CHARACTER SET utf32 COLLATE utf32_spanish_ci NOT NULL,
  PRIMARY KEY (`id_asociacion`),
  KEY `id_localidad` (`id_localidad`)
) ENGINE=MyISAM AUTO_INCREMENT=4 DEFAULT CHARSET=latin1;

-- --------------------------------------------------------

--
-- Estructura de tabla para la tabla `clubes`
--

DROP TABLE IF EXISTS `clubes`;
CREATE TABLE IF NOT EXISTS `clubes` (
  `id_club` int(11) NOT NULL AUTO_INCREMENT,
  `nombre_club` varchar(80) COLLATE utf8_spanish_ci NOT NULL,
  `direccion` varchar(80) COLLATE utf8_spanish_ci NOT NULL,
  `telefono` varchar(20) COLLATE utf8_spanish_ci NOT NULL,
  `id_localidad` int(11) NOT NULL,
  `id_provincia` int(11) NOT NULL,
  `mail` varchar(80) COLLATE utf8_spanish_ci NOT NULL,
  PRIMARY KEY (`id_club`),
  KEY `id_ciudad` (`id_localidad`,`id_provincia`),
  KEY `id_provincia` (`id_provincia`),
  KEY `id_localidad` (`id_localidad`),
  KEY `id_club` (`id_club`)
) ENGINE=MyISAM AUTO_INCREMENT=8 DEFAULT CHARSET=utf8 COLLATE=utf8_spanish_ci;

--
-- Volcado de datos para la tabla `clubes`
--

INSERT INTO `clubes` (`id_club`, `nombre_club`, `direccion`, `telefono`, `id_localidad`, `id_provincia`, `mail`) VALUES
(7, 'Ciudad ', 'Avellaneda 1032', '01685412241', 5, 1, 'info@ciudad.com');

-- --------------------------------------------------------

--
-- Estructura de tabla para la tabla `cuotas_por_socio`
--

DROP TABLE IF EXISTS `cuotas_por_socio`;
CREATE TABLE IF NOT EXISTS `cuotas_por_socio` (
  `id_cuota_socio` int(11) NOT NULL AUTO_INCREMENT,
  `id_persona` int(11) NOT NULL,
  `id_mes` int(11) NOT NULL,
  `cuota_anio` int(11) NOT NULL,
  `fecha_pago` datetime NOT NULL,
  `id_tipo_cuota` int(11) NOT NULL,
  `valor_cuota` float NOT NULL,
  `monto_pagado` int(11) NOT NULL,
  `descuento` float NOT NULL,
  `recargo` float NOT NULL,
  `deuda` float NOT NULL,
  `estado` tinyint(4) NOT NULL COMMENT '0 = impaga',
  PRIMARY KEY (`id_cuota_socio`),
  KEY `id_tipo_cuota` (`id_tipo_cuota`),
  KEY `id_persona` (`id_persona`,`id_tipo_cuota`),
  KEY `id_mes` (`id_mes`),
  KEY `id_mes_2` (`id_mes`),
  KEY `id_mes_3` (`id_mes`,`cuota_anio`),
  KEY `cuota_anio` (`cuota_anio`),
  KEY `id_tipo_cuota_2` (`id_tipo_cuota`)
) ENGINE=MyISAM AUTO_INCREMENT=1637 DEFAULT CHARSET=utf8 COLLATE=utf8_spanish_ci;

--
-- Volcado de datos para la tabla `cuotas_por_socio`
--

INSERT INTO `cuotas_por_socio` (`id_cuota_socio`, `id_persona`, `id_mes`, `cuota_anio`, `fecha_pago`, `id_tipo_cuota`, `valor_cuota`, `monto_pagado`, `descuento`, `recargo`, `deuda`, `estado`) VALUES
(48, 1, 12, 2018, '2018-12-04 00:00:00', 7, 1550, 1550, 0, 0, 0, 1),
(47, 1, 11, 2018, '2018-11-16 00:00:00', 7, 1550, 1550, 0, 0, 0, 1),
(46, 1, 10, 2018, '2018-10-22 00:00:00', 7, 1550, 1550, 0, 0, 0, 1),
(45, 1, 9, 2018, '2018-09-20 00:00:00', 7, 1550, 1550, 0, 0, 0, 1),
(44, 1, 8, 2018, '2018-08-06 00:00:00', 7, 1550, 1550, 0, 0, 0, 1),
(43, 1, 7, 2018, '2018-07-28 00:00:00', 7, 1550, 1550, 0, 0, 0, 1),
(42, 1, 6, 2018, '2018-07-28 00:00:00', 7, 1550, 1400, 0, 0, 0, 1),
(41, 1, 5, 2018, '2018-07-28 00:00:00', 7, 1550, 1400, 0, 0, 0, 1),
(40, 1, 4, 2018, '2018-07-28 00:00:00', 7, 1550, 1400, 0, 0, 0, 1),
(39, 1, 3, 2018, '2018-07-28 00:00:00', 7, 1550, 1400, 0, 0, 0, 1),
(38, 1, 2, 2018, '2018-07-28 00:00:00', 7, 1550, 1400, 0, 0, 0, 1),
(37, 1, 1, 2018, '2018-07-28 00:00:00', 7, 1550, 1400, 0, 0, 0, 1),
(475, 7, 7, 2019, '2019-07-04 00:00:00', 7, 1800, 1800, 0, 0, 0, 1),
(474, 7, 6, 2019, '2019-06-07 00:00:00', 7, 1800, 1800, 0, 0, 0, 1),
(473, 7, 5, 2019, '2019-05-08 00:00:00', 7, 1800, 1800, 0, 0, 0, 1),
(472, 7, 4, 2019, '2019-04-04 00:00:00', 7, 1800, 1800, 0, 0, 0, 1),
(471, 7, 3, 2019, '2019-03-08 00:00:00', 7, 1800, 900, 900, 0, 0, 1),
(470, 7, 2, 2019, '2019-02-07 00:00:00', 7, 1550, 1550, 0, 0, 0, 1),
(30, 2, 6, 2018, '2018-07-25 00:00:00', 7, 1400, 1400, 0, 0, 0, 1),
(29, 2, 5, 2018, '2018-07-25 00:00:00', 7, 1400, 1400, 0, 0, 0, 1),
(28, 2, 4, 2018, '2018-07-25 00:00:00', 7, 1400, 1400, 0, 0, 0, 1),
(27, 2, 3, 2018, '2018-07-25 00:00:00', 7, 1400, 1400, 0, 0, 0, 1),
(26, 2, 2, 2018, '2018-07-25 00:00:00', 7, 1400, 1400, 0, 0, 0, 1),
(25, 2, 1, 2018, '2018-07-25 00:00:00', 7, 1400, 1400, 0, 0, 0, 1),
(49, 16, 1, 2018, '2018-07-28 00:00:00', 7, 1400, 1400, 0, 0, 0, 1),
(50, 16, 2, 2018, '2018-07-28 00:00:00', 7, 1400, 1400, 0, 0, 0, 1),
(51, 16, 3, 2018, '2018-07-28 00:00:00', 7, 1400, 1400, 0, 0, 0, 1),
(52, 16, 4, 2018, '2018-07-28 00:00:00', 7, 1400, 1400, 0, 0, 0, 1),
(53, 16, 5, 2018, '2018-07-28 00:00:00', 7, 1400, 1400, 0, 0, 0, 1),
(54, 16, 6, 2018, '2018-07-28 00:00:00', 7, 1400, 1400, 0, 0, 0, 1),
(55, 16, 7, 2018, '2018-08-17 00:00:00', 7, 1550, 1550, 0, 0, 0, 1),
(56, 16, 8, 2018, '2018-09-02 00:00:00', 7, 0, 0, 0, 0, 0, 1),
(57, 16, 9, 2018, '2018-09-02 00:00:00', 7, 0, 0, 0, 0, 0, 1),
(58, 16, 10, 2018, '2018-10-22 00:00:00', 7, 0, 0, 0, 0, 0, 1),
(59, 16, 11, 2018, '2018-11-26 00:00:00', 7, 0, 0, 0, 0, 0, 1),
(60, 16, 12, 2018, '2018-11-26 00:00:00', 7, 0, 0, 0, 0, 0, 1),
(61, 3, 1, 2018, '2018-07-28 00:00:00', 7, 1400, 1400, 0, 0, 0, 1),
(62, 3, 2, 2018, '2018-07-28 00:00:00', 7, 1400, 1400, 0, 0, 0, 1),
(63, 3, 3, 2018, '2018-07-28 00:00:00', 7, 1400, 1400, 0, 0, 0, 1),
(64, 3, 4, 2018, '2018-07-28 00:00:00', 7, 1400, 1400, 0, 0, 0, 1),
(65, 3, 5, 2018, '2018-07-28 00:00:00', 7, 1400, 1400, 0, 0, 0, 1),
(66, 3, 6, 2018, '2018-07-28 00:00:00', 7, 1400, 1400, 0, 0, 0, 1),
(67, 3, 7, 2018, '2018-08-03 00:00:00', 7, 1550, 1550, 0, 0, 0, 1),
(68, 3, 8, 2018, '2018-08-26 00:00:00', 7, 1550, 1550, 0, 0, 0, 1),
(69, 3, 9, 2018, '2018-11-16 00:00:00', 7, 1550, 1550, 0, 0, 0, 1),
(70, 3, 10, 2018, '2018-12-20 00:00:00', 7, 1550, 1550, 0, 0, 0, 1),
(71, 3, 11, 2018, '2019-01-31 00:00:00', 7, 1550, 1550, 0, 0, 0, 1),
(72, 3, 12, 2018, '2019-02-26 00:00:00', 7, 1550, 1550, 0, 0, 0, 1),
(346, 26, 8, 2018, '2018-08-26 00:00:00', 7, 1550, 1550, 0, 0, 0, 1),
(345, 26, 7, 2018, '2018-08-05 00:00:00', 7, 1550, 1550, 0, 0, 0, 1),
(344, 26, 6, 2018, '2018-07-29 00:00:00', 7, 1400, 1400, 0, 0, 0, 1),
(343, 26, 5, 2018, '2018-07-29 00:00:00', 7, 1400, 1400, 0, 0, 0, 1),
(342, 26, 4, 2018, '2018-07-29 00:00:00', 7, 1400, 1400, 0, 0, 0, 1),
(341, 26, 3, 2018, '2018-07-29 00:00:00', 7, 1400, 1400, 0, 0, 0, 1),
(79, 9, 1, 2018, '2018-07-28 00:00:00', 7, 1400, 1400, 0, 0, 0, 1),
(80, 9, 2, 2018, '2018-07-28 00:00:00', 7, 1400, 1400, 0, 0, 0, 1),
(81, 9, 3, 2018, '2018-07-28 00:00:00', 7, 1400, 1400, 0, 0, 0, 1),
(82, 9, 4, 2018, '2018-07-28 00:00:00', 7, 1400, 1400, 0, 0, 0, 1),
(83, 9, 5, 2018, '2018-07-28 00:00:00', 7, 1400, 1400, 0, 0, 0, 1),
(84, 9, 6, 2018, '2018-07-28 00:00:00', 7, 1400, 1400, 0, 0, 0, 1),
(85, 9, 7, 2018, '2018-09-06 00:00:00', 7, 1550, 1550, 0, 0, 0, 1),
(86, 9, 8, 2018, '2018-09-06 00:00:00', 7, 1550, 1550, 0, 0, 0, 1),
(87, 9, 9, 2018, '2018-10-18 00:00:00', 7, 1550, 1550, 0, 0, 0, 1),
(88, 9, 10, 2018, '2019-01-18 00:00:00', 7, 1550, 1550, 0, 0, 0, 1),
(89, 9, 11, 2018, '2019-01-18 00:00:00', 7, 1550, 1550, 0, 0, 0, 1),
(90, 9, 12, 2018, '2019-01-18 00:00:00', 7, 1550, 1550, 0, 0, 0, 1),
(91, 17, 1, 2018, '2018-07-28 00:00:00', 7, 1400, 1400, 0, 0, 0, 1),
(92, 17, 2, 2018, '2018-07-28 00:00:00', 7, 1400, 1400, 0, 0, 0, 1),
(93, 17, 3, 2018, '2018-07-28 00:00:00', 7, 1400, 1400, 0, 0, 0, 1),
(94, 17, 4, 2018, '2018-07-28 00:00:00', 7, 1400, 1400, 0, 0, 0, 1),
(95, 17, 5, 2018, '2018-07-28 00:00:00', 7, 1400, 1400, 0, 0, 0, 1),
(96, 17, 6, 2018, '2018-07-28 00:00:00', 7, 1400, 1400, 0, 0, 0, 1),
(97, 17, 7, 2018, '2018-07-28 00:00:00', 7, 1550, 1550, 0, 0, 0, 1),
(98, 17, 8, 2018, '2018-08-21 00:00:00', 7, 1550, 1550, 0, 0, 0, 1),
(707, 13, 12, 2019, '2020-02-02 00:00:00', 7, 1800, 0, 1800, 0, 0, 1),
(706, 13, 11, 2019, '2020-02-02 00:00:00', 7, 1800, 0, 1800, 0, 0, 1),
(705, 13, 10, 2019, '2020-02-02 00:00:00', 7, 1800, 0, 1800, 0, 0, 1),
(464, 3, 8, 2019, '2019-10-10 00:00:00', 7, 1800, 1800, 0, 0, 0, 1),
(103, 18, 1, 2018, '2018-07-28 00:00:00', 7, 1400, 1400, 0, 0, 0, 1),
(104, 18, 2, 2018, '2018-07-28 00:00:00', 7, 1400, 1400, 0, 0, 0, 1),
(105, 18, 3, 2018, '2018-07-28 00:00:00', 7, 1400, 1400, 0, 0, 0, 1),
(106, 18, 4, 2018, '2018-07-28 00:00:00', 7, 1400, 1400, 0, 0, 0, 1),
(107, 18, 5, 2018, '2018-07-28 00:00:00', 7, 1400, 1400, 0, 0, 0, 1),
(108, 18, 6, 2018, '2018-07-28 00:00:00', 7, 1400, 1400, 0, 0, 0, 1),
(109, 18, 7, 2018, '2018-07-28 00:00:00', 7, 1550, 1550, 0, 0, 0, 1),
(110, 18, 8, 2018, '2018-09-01 00:00:00', 7, 1550, 1550, 0, 0, 0, 1),
(111, 18, 9, 2018, '2018-10-22 00:00:00', 7, 1550, 1550, 0, 0, 0, 1),
(112, 18, 10, 2018, '2018-10-22 00:00:00', 7, 1550, 1550, 0, 0, 0, 1),
(113, 18, 11, 2018, '2019-01-19 00:00:00', 7, 1550, 1550, 0, 0, 0, 1),
(114, 18, 12, 2018, '2019-01-19 00:00:00', 7, 1550, 1550, 0, 0, 0, 1),
(422, 23, 2, 2018, '2018-07-30 00:00:00', 19, 0, 0, 0, 0, 0, 1),
(421, 23, 1, 2018, '2018-07-30 00:00:00', 19, 0, 0, 0, 0, 0, 1),
(420, 21, 12, 2018, '2018-11-01 00:00:00', 19, 0, 0, 0, 0, 0, 1),
(419, 21, 11, 2018, '2018-11-01 00:00:00', 19, 0, 0, 0, 0, 0, 1),
(418, 21, 10, 2018, '2018-10-22 00:00:00', 19, 0, 0, 0, 0, 0, 1),
(417, 21, 9, 2018, '2018-09-02 00:00:00', 19, 0, 0, 0, 0, 0, 1),
(416, 21, 8, 2018, '2018-08-06 00:00:00', 19, 0, 0, 0, 0, 0, 1),
(415, 21, 7, 2018, '2018-07-30 00:00:00', 19, 0, 0, 0, 0, 0, 1),
(414, 21, 6, 2018, '2018-07-30 00:00:00', 19, 0, 0, 0, 0, 0, 1),
(413, 21, 5, 2018, '2018-07-30 00:00:00', 19, 0, 0, 0, 0, 0, 1),
(412, 21, 4, 2018, '2018-07-30 00:00:00', 19, 0, 0, 0, 0, 0, 1),
(411, 21, 3, 2018, '2018-07-30 00:00:00', 19, 0, 0, 0, 0, 0, 1),
(410, 21, 2, 2018, '2018-07-30 00:00:00', 19, 0, 0, 0, 0, 0, 1),
(409, 21, 1, 2018, '2018-07-30 00:00:00', 19, 0, 0, 0, 0, 0, 1),
(458, 3, 2, 2019, '2019-02-26 00:00:00', 7, 1800, 1800, 0, 0, 0, 1),
(457, 3, 1, 2019, '2019-02-26 00:00:00', 7, 1550, 1550, 0, 0, 0, 1),
(704, 13, 9, 2019, '2020-02-02 00:00:00', 7, 1800, 0, 1800, 0, 0, 1),
(703, 13, 8, 2019, '2019-09-12 00:00:00', 7, 1800, 1800, 0, 0, 0, 1),
(404, 10, 8, 2018, '2018-08-06 00:00:00', 7, 1550, 1550, 0, 0, 0, 1),
(403, 10, 7, 2018, '2018-07-30 00:00:00', 7, 1550, 1550, 0, 0, 0, 1),
(402, 10, 6, 2018, '2018-07-30 00:00:00', 7, 1550, 1550, 0, 0, 0, 1),
(401, 10, 5, 2018, '2018-07-30 00:00:00', 7, 1550, 1550, 0, 0, 0, 1),
(400, 10, 4, 2018, '2018-07-30 00:00:00', 7, 1550, 1550, 0, 0, 0, 1),
(399, 10, 3, 2018, '2018-07-30 00:00:00', 7, 1550, 1550, 0, 0, 0, 1),
(398, 10, 2, 2018, '2018-07-30 00:00:00', 7, 1550, 1550, 0, 0, 0, 1),
(397, 10, 1, 2018, '2018-07-30 00:00:00', 7, 1550, 1550, 0, 0, 0, 1),
(396, 20, 12, 2018, '2018-11-26 00:00:00', 19, 0, 0, 0, 0, 0, 1),
(395, 20, 11, 2018, '2018-11-01 00:00:00', 19, 0, 0, 0, 0, 0, 1),
(394, 20, 10, 2018, '2018-10-22 00:00:00', 19, 0, 0, 0, 0, 0, 1),
(393, 20, 9, 2018, '2018-09-02 00:00:00', 19, 0, 0, 0, 0, 0, 1),
(145, 5, 1, 2018, '2018-07-28 00:00:00', 7, 1400, 1400, 0, 0, 0, 1),
(146, 5, 2, 2018, '2018-07-28 00:00:00', 7, 1400, 1400, 0, 0, 0, 1),
(147, 5, 3, 2018, '2018-07-28 00:00:00', 7, 1400, 1400, 0, 0, 0, 1),
(148, 5, 4, 2018, '2018-07-28 00:00:00', 7, 1400, 1400, 0, 0, 0, 1),
(149, 5, 5, 2018, '2018-07-28 00:00:00', 7, 1400, 1400, 0, 0, 0, 1),
(150, 5, 6, 2018, '2018-07-28 00:00:00', 7, 1400, 1400, 0, 0, 0, 1),
(151, 5, 7, 2018, '2018-07-28 00:00:00', 7, 1550, 1550, 0, 0, 0, 1),
(152, 5, 8, 2018, '2018-08-26 00:00:00', 7, 1550, 1550, 0, 0, 0, 1),
(153, 5, 9, 2018, '2018-09-30 00:00:00', 7, 1550, 1550, 0, 0, 0, 1),
(154, 5, 10, 2018, '2018-12-04 00:00:00', 7, 1550, 1550, 0, 0, 0, 1),
(155, 5, 11, 2018, '2018-12-12 00:00:00', 7, 1550, 1550, 0, 0, 0, 1),
(156, 5, 12, 2018, '2018-12-28 00:00:00', 7, 1550, 1550, 0, 0, 0, 1),
(157, 19, 1, 2018, '2018-07-28 00:00:00', 7, 1400, 1400, 0, 0, 0, 1),
(158, 19, 2, 2018, '2018-07-28 00:00:00', 7, 1400, 1400, 0, 0, 0, 1),
(159, 19, 3, 2018, '2018-07-28 00:00:00', 7, 1400, 1400, 0, 0, 0, 1),
(160, 19, 4, 2018, '2018-07-28 00:00:00', 7, 1400, 1400, 0, 0, 0, 1),
(161, 19, 5, 2018, '2018-07-28 00:00:00', 7, 1400, 1400, 0, 0, 0, 1),
(162, 19, 6, 2018, '2018-07-28 00:00:00', 7, 1400, 1400, 0, 0, 0, 1),
(163, 19, 7, 2018, '2018-07-28 00:00:00', 7, 1550, 1550, 0, 0, 0, 1),
(164, 19, 8, 2018, '2018-08-12 00:00:00', 7, 1550, 1550, 0, 0, 0, 1),
(165, 19, 9, 2018, '2018-09-29 00:00:00', 7, 1550, 1550, 0, 0, 0, 1),
(166, 19, 10, 2018, '2018-10-18 00:00:00', 7, 1550, 1550, 0, 0, 0, 1),
(167, 19, 11, 2018, '2018-12-16 00:00:00', 7, 1550, 1550, 0, 0, 0, 1),
(168, 19, 12, 2018, '2018-12-16 00:00:00', 7, 1550, 1550, 0, 0, 0, 1),
(169, 11, 1, 2018, '2018-07-28 00:00:00', 7, 1400, 1400, 0, 0, 0, 1),
(170, 11, 2, 2018, '2018-07-28 00:00:00', 7, 1400, 1400, 0, 0, 0, 1),
(171, 11, 3, 2018, '2018-07-28 00:00:00', 7, 1400, 1400, 0, 0, 0, 1),
(172, 11, 4, 2018, '2018-07-28 00:00:00', 7, 1400, 1400, 0, 0, 0, 1),
(173, 11, 5, 2018, '2018-09-14 00:00:00', 7, 1400, 1400, 0, 0, 0, 1),
(174, 11, 6, 2018, '2018-09-14 00:00:00', 7, 1400, 1400, 0, 0, 0, 1),
(175, 11, 7, 2018, '2019-01-18 00:00:00', 7, 1550, 1550, 0, 0, 0, 1),
(176, 11, 8, 2018, '2019-12-26 00:00:00', 7, 1550, 0, 1550, 0, 0, 1),
(177, 11, 9, 2018, '2019-01-18 00:00:00', 7, 1550, 1550, 0, 0, 0, 1),
(178, 11, 10, 2018, '2019-01-18 00:00:00', 7, 1550, 1550, 0, 0, 0, 1),
(179, 11, 11, 2018, '2019-01-18 00:00:00', 7, 1550, 1550, 0, 0, 0, 1),
(180, 11, 12, 2018, '2019-01-18 00:00:00', 7, 1550, 1550, 0, 0, 0, 1),
(181, 22, 1, 2018, '2018-07-28 00:00:00', 7, 1400, 1400, 0, 0, 0, 1),
(182, 22, 2, 2018, '2018-07-28 00:00:00', 7, 1400, 1400, 0, 0, 0, 1),
(183, 22, 3, 2018, '2018-07-28 00:00:00', 7, 1400, 1400, 0, 0, 0, 1),
(184, 22, 4, 2018, '2018-07-28 00:00:00', 7, 1400, 1400, 0, 0, 0, 1),
(185, 22, 5, 2018, '2018-07-28 00:00:00', 7, 1400, 1400, 0, 0, 0, 1),
(186, 22, 6, 2018, '2018-09-01 00:00:00', 7, 1400, 1400, 0, 0, 0, 1),
(187, 22, 7, 2018, '2018-10-18 00:00:00', 7, 1550, 1550, 0, 0, 0, 1),
(188, 22, 8, 2018, '2018-11-29 00:00:00', 7, 1550, 1550, 0, 0, 0, 1),
(189, 22, 9, 2018, '2018-11-29 00:00:00', 7, 1550, 1550, 0, 0, 0, 1),
(190, 22, 10, 2018, '2018-11-29 00:00:00', 7, 1550, 1550, 0, 0, 0, 1),
(191, 22, 11, 2018, '0000-00-00 00:00:00', 7, 1550, 0, 0, 0, 0, 0),
(476, 7, 8, 2019, '2019-08-25 00:00:00', 7, 1800, 1800, 0, 0, 0, 1),
(392, 20, 8, 2018, '2018-08-06 00:00:00', 19, 0, 0, 0, 0, 0, 1),
(391, 20, 7, 2018, '2018-07-30 00:00:00', 19, 0, 0, 0, 0, 0, 1),
(390, 20, 6, 2018, '2018-07-30 00:00:00', 19, 0, 0, 0, 0, 0, 1),
(389, 20, 5, 2018, '2018-07-30 00:00:00', 19, 0, 0, 0, 0, 0, 1),
(388, 20, 4, 2018, '2018-07-30 00:00:00', 19, 0, 0, 0, 0, 0, 1),
(387, 20, 3, 2018, '2018-07-30 00:00:00', 19, 0, 0, 0, 0, 0, 1),
(386, 20, 2, 2018, '2018-07-30 00:00:00', 19, 0, 0, 0, 0, 0, 1),
(385, 20, 1, 2018, '2018-07-30 00:00:00', 19, 0, 0, 0, 0, 0, 1),
(384, 8, 12, 2018, '2018-11-01 00:00:00', 19, 0, 0, 0, 0, 0, 1),
(383, 8, 11, 2018, '2018-11-01 00:00:00', 19, 0, 0, 0, 0, 0, 1),
(382, 8, 10, 2018, '2018-10-22 00:00:00', 19, 0, 0, 0, 0, 0, 1),
(381, 8, 9, 2018, '2018-09-02 00:00:00', 19, 0, 0, 0, 0, 0, 1),
(380, 8, 8, 2018, '2018-08-06 00:00:00', 19, 0, 0, 0, 0, 0, 1),
(379, 8, 7, 2018, '2018-07-30 00:00:00', 19, 0, 0, 0, 0, 0, 1),
(378, 8, 6, 2018, '2018-07-30 00:00:00', 19, 0, 0, 0, 0, 0, 1),
(377, 8, 5, 2018, '2018-07-30 00:00:00', 19, 0, 0, 0, 0, 0, 1),
(376, 8, 4, 2018, '2018-07-30 00:00:00', 19, 0, 0, 0, 0, 0, 1),
(375, 8, 3, 2018, '2018-07-30 00:00:00', 19, 0, 0, 0, 0, 0, 1),
(374, 8, 2, 2018, '2018-07-30 00:00:00', 19, 0, 0, 0, 0, 0, 1),
(373, 8, 1, 2018, '2018-07-30 00:00:00', 19, 0, 0, 0, 0, 0, 1),
(372, 27, 12, 2018, '2019-01-10 00:00:00', 7, 1550, 1550, 0, 0, 0, 1),
(371, 27, 11, 2018, '2018-12-15 00:00:00', 7, 1550, 1550, 0, 0, 0, 1),
(370, 27, 10, 2018, '2018-12-15 00:00:00', 7, 1550, 1550, 0, 0, 0, 1),
(369, 27, 9, 2018, '2018-12-02 00:00:00', 7, 1550, 1550, 0, 0, 0, 1),
(469, 7, 1, 2019, '2019-01-09 00:00:00', 7, 1550, 900, 650, 0, 0, 1),
(467, 3, 11, 2019, '2019-12-27 00:00:00', 7, 1900, 1900, 0, 0, 0, 1),
(468, 3, 12, 2019, '2019-12-27 00:00:00', 7, 1900, 900, 1000, 0, 0, 1),
(466, 3, 10, 2019, '2019-11-08 00:00:00', 7, 1900, 1900, 0, 0, 0, 1),
(364, 27, 4, 2018, '2018-09-06 00:00:00', 7, 1400, 1400, 0, 0, 0, 1),
(363, 27, 3, 2018, '2018-07-30 00:00:00', 7, 1400, 1400, 0, 0, 0, 1),
(362, 27, 2, 2018, '2018-07-30 00:00:00', 7, 1400, 1400, 0, 0, 0, 1),
(361, 27, 1, 2018, '2018-07-30 00:00:00', 7, 1400, 1400, 0, 0, 0, 1),
(225, 25, 1, 2018, '2018-07-28 00:00:00', 7, 1400, 1400, 0, 0, 0, 1),
(226, 25, 2, 2018, '2018-07-28 00:00:00', 7, 1400, 1400, 0, 0, 0, 1),
(227, 25, 3, 2018, '2018-07-28 00:00:00', 7, 1400, 1400, 0, 0, 0, 1),
(228, 25, 4, 2018, '2018-07-28 00:00:00', 7, 1400, 1400, 0, 0, 0, 1),
(702, 13, 7, 2019, '2019-08-13 00:00:00', 7, 1800, 1350, 450, 0, 0, 1),
(701, 13, 6, 2019, '2019-07-04 00:00:00', 7, 1800, 1800, 0, 0, 0, 1),
(700, 13, 5, 2019, '2019-06-07 00:00:00', 7, 1800, 1350, 450, 0, 0, 1),
(699, 13, 4, 2019, '2019-05-10 00:00:00', 7, 1800, 1800, 0, 0, 0, 1),
(698, 13, 3, 2019, '2019-04-05 00:00:00', 7, 1800, 1350, 450, 0, 0, 1),
(697, 13, 2, 2019, '2019-03-13 00:00:00', 7, 1800, 1800, 0, 0, 0, 1),
(696, 13, 1, 2019, '2019-03-13 00:00:00', 7, 1800, 1800, 0, 0, 0, 1),
(462, 3, 6, 2019, '2019-07-19 00:00:00', 7, 1800, 1800, 0, 0, 0, 1),
(237, 12, 1, 2018, '2018-07-28 00:00:00', 7, 1400, 1400, 0, 0, 0, 1),
(238, 12, 2, 2018, '2018-07-28 00:00:00', 7, 1400, 1400, 0, 0, 0, 1),
(239, 12, 3, 2018, '2018-07-28 00:00:00', 7, 1400, 1400, 0, 0, 0, 1),
(240, 12, 4, 2018, '2018-07-28 00:00:00', 7, 1400, 1400, 0, 0, 0, 1),
(241, 12, 5, 2018, '2018-07-28 00:00:00', 7, 1400, 1400, 0, 0, 0, 1),
(242, 12, 6, 2018, '2018-07-28 00:00:00', 7, 1400, 1400, 0, 0, 0, 1),
(243, 12, 7, 2018, '2018-07-28 00:00:00', 7, 1550, 1550, 0, 0, 0, 1),
(244, 12, 8, 2018, '2018-08-15 00:00:00', 7, 1550, 1550, 0, 0, 0, 1),
(245, 12, 9, 2018, '2018-09-30 00:00:00', 7, 1550, 1550, 0, 0, 0, 1),
(246, 12, 10, 2018, '2018-10-22 00:00:00', 7, 1550, 1550, 0, 0, 0, 1),
(247, 12, 11, 2018, '2018-12-17 00:00:00', 7, 1550, 1550, 0, 0, 0, 1),
(248, 12, 12, 2018, '2018-12-17 00:00:00', 7, 1550, 1550, 0, 0, 0, 1),
(249, 13, 1, 2018, '2018-07-28 00:00:00', 7, 1400, 1100, 300, 0, 0, 1),
(250, 13, 2, 2018, '2018-07-28 00:00:00', 7, 1400, 1100, 300, 0, 0, 1),
(251, 13, 3, 2018, '2018-07-28 00:00:00', 7, 1400, 1100, 300, 0, 0, 1),
(252, 13, 4, 2018, '2018-07-28 00:00:00', 7, 1400, 1100, 300, 0, 0, 1),
(253, 13, 5, 2018, '2018-07-28 00:00:00', 7, 1400, 1100, 300, 0, 0, 1),
(254, 13, 6, 2018, '2018-07-28 00:00:00', 7, 1400, 1100, 300, 0, 0, 1),
(255, 13, 7, 2018, '2018-07-28 00:00:00', 7, 1550, 1160, 390, 0, 0, 1),
(256, 13, 8, 2018, '2018-08-24 00:00:00', 7, 1550, 1550, 0, 0, 0, 1),
(257, 13, 9, 2018, '2018-09-20 00:00:00', 7, 1550, 1160, 390, 0, 0, 1),
(258, 13, 10, 2018, '2018-10-12 00:00:00', 7, 1550, 1160, 390, 0, 0, 1),
(259, 13, 11, 2018, '2018-11-07 00:00:00', 7, 1550, 1550, 0, 0, 0, 1),
(260, 13, 12, 2018, '2018-12-21 00:00:00', 7, 1550, 1190, 360, 0, 0, 1),
(360, 7, 12, 2018, '2018-12-04 00:00:00', 7, 1550, -6950, 8500, 0, 0, 1),
(359, 7, 11, 2018, '2018-12-04 00:00:00', 7, 1550, -6950, 8500, 0, 0, 1),
(358, 7, 10, 2018, '2018-12-04 00:00:00', 7, 1550, 750, 800, 0, 0, 1),
(357, 7, 9, 2018, '2018-12-04 00:00:00', 7, 1550, 750, 800, 0, 0, 1),
(356, 7, 8, 2018, '2018-12-02 00:00:00', 7, 1550, 1550, 0, 0, 0, 1),
(355, 7, 7, 2018, '2018-08-21 00:00:00', 7, 1550, 750, 800, 0, 0, 1),
(354, 7, 6, 2018, '2018-07-29 00:00:00', 7, 1400, 750, 650, 0, 0, 1),
(353, 7, 5, 2018, '2018-07-29 00:00:00', 7, 1400, 750, 650, 0, 0, 1),
(352, 7, 4, 2018, '2018-07-29 00:00:00', 7, 1400, 750, 650, 0, 0, 1),
(351, 7, 3, 2018, '2018-07-29 00:00:00', 7, 1400, 750, 650, 0, 0, 1),
(350, 26, 12, 2018, '2018-12-27 00:00:00', 7, 1550, 0, 1550, 0, 0, 1),
(349, 26, 11, 2018, '2018-12-27 00:00:00', 7, 1550, 1550, 0, 0, 0, 1),
(348, 26, 10, 2018, '2018-12-27 00:00:00', 7, 1550, 1550, 0, 0, 0, 1),
(347, 26, 9, 2018, '2018-11-16 00:00:00', 7, 1550, 1550, 0, 0, 0, 1),
(463, 3, 7, 2019, '2019-07-19 00:00:00', 7, 1800, 1800, 0, 0, 0, 1),
(333, 6, 11, 2018, '0000-00-00 00:00:00', 7, 1550, 0, 0, 0, 0, 0),
(332, 6, 10, 2018, '0000-00-00 00:00:00', 7, 1550, 0, 0, 0, 0, 0),
(331, 6, 9, 2018, '0000-00-00 00:00:00', 7, 1550, 0, 0, 0, 0, 0),
(330, 6, 8, 2018, '0000-00-00 00:00:00', 7, 1550, 0, 0, 0, 0, 0),
(329, 6, 7, 2018, '0000-00-00 00:00:00', 7, 1550, 0, 0, 0, 0, 0),
(281, 15, 1, 2018, '2018-07-28 00:00:00', 7, 1400, 1400, 0, 0, 0, 1),
(282, 15, 2, 2018, '2018-07-28 00:00:00', 7, 1400, 1400, 0, 0, 0, 1),
(283, 15, 3, 2018, '2018-07-28 00:00:00', 7, 1400, 1400, 0, 0, 0, 1),
(284, 15, 4, 2018, '2018-07-28 00:00:00', 7, 1400, 1400, 0, 0, 0, 1),
(285, 15, 5, 2018, '2018-07-28 00:00:00', 7, 1400, 1400, 0, 0, 0, 1),
(286, 15, 6, 2018, '2018-07-28 00:00:00', 7, 1400, 1400, 0, 0, 0, 1),
(287, 15, 7, 2018, '2018-07-28 00:00:00', 7, 1550, 1550, 0, 0, 0, 1),
(288, 15, 8, 2018, '2018-08-24 00:00:00', 7, 1550, 1550, 0, 0, 0, 1),
(289, 15, 9, 2018, '2018-09-30 00:00:00', 7, 1550, 1550, 0, 0, 0, 1),
(290, 15, 10, 2018, '2018-11-01 00:00:00', 7, 1550, 1550, 0, 0, 0, 1),
(291, 15, 11, 2018, '2018-12-16 00:00:00', 7, 1550, 1550, 0, 0, 0, 1),
(292, 15, 12, 2018, '2018-12-16 00:00:00', 7, 1550, 1550, 0, 0, 0, 1),
(465, 3, 9, 2019, '2019-10-25 00:00:00', 7, 1800, 1800, 0, 0, 0, 1),
(461, 3, 5, 2019, '2019-05-16 00:00:00', 7, 1800, 1800, 0, 0, 0, 1),
(460, 3, 4, 2019, '2019-05-14 00:00:00', 7, 1800, 1800, 0, 0, 0, 1),
(459, 3, 3, 2019, '2019-05-12 00:00:00', 7, 1800, 1800, 0, 0, 0, 1),
(336, 4, 8, 2018, '2018-08-17 00:00:00', 7, 1550, 1550, 0, 0, 0, 1),
(335, 4, 7, 2018, '2018-07-29 00:00:00', 7, 1550, 1550, 0, 0, 0, 1),
(423, 23, 3, 2018, '2018-07-30 00:00:00', 19, 0, 0, 0, 0, 0, 1),
(424, 23, 4, 2018, '2018-07-30 00:00:00', 19, 0, 0, 0, 0, 0, 1),
(425, 23, 5, 2018, '2018-07-30 00:00:00', 19, 0, 0, 0, 0, 0, 1),
(426, 23, 6, 2018, '2018-07-30 00:00:00', 19, 0, 0, 0, 0, 0, 1),
(427, 23, 7, 2018, '2018-07-30 00:00:00', 19, 0, 0, 0, 0, 0, 1),
(428, 23, 8, 2018, '2018-08-06 00:00:00', 19, 0, 0, 0, 0, 0, 1),
(429, 23, 9, 2018, '2018-09-02 00:00:00', 19, 0, 0, 0, 0, 0, 1),
(430, 23, 10, 2018, '2018-10-22 00:00:00', 19, 0, 0, 0, 0, 0, 1),
(431, 23, 11, 2018, '2018-11-01 00:00:00', 19, 0, 0, 0, 0, 0, 1),
(432, 23, 12, 2018, '2018-11-01 00:00:00', 19, 0, 0, 0, 0, 0, 1),
(433, 24, 1, 2018, '2018-08-10 00:00:00', 7, 1400, 1400, 0, 0, 0, 1),
(434, 24, 2, 2018, '2018-08-10 00:00:00', 7, 1400, 1400, 0, 0, 0, 1),
(435, 24, 3, 2018, '2018-08-10 00:00:00', 7, 1400, 1400, 0, 0, 0, 1),
(436, 24, 4, 2018, '2018-08-10 00:00:00', 7, 1400, 1400, 0, 0, 0, 1),
(437, 24, 5, 2018, '2018-08-10 00:00:00', 7, 1400, 1400, 0, 0, 0, 1),
(438, 24, 6, 2018, '2018-08-10 00:00:00', 7, 1400, 1400, 0, 0, 0, 1),
(439, 24, 7, 2018, '2018-10-18 00:00:00', 7, 1550, 1550, 0, 0, 0, 1),
(440, 24, 8, 2018, '0000-00-00 00:00:00', 7, 1550, 0, 0, 0, 0, 0),
(441, 24, 9, 2018, '0000-00-00 00:00:00', 7, 1550, 0, 0, 0, 0, 0),
(442, 24, 10, 2018, '0000-00-00 00:00:00', 7, 1550, 0, 0, 0, 0, 0),
(443, 24, 11, 2018, '0000-00-00 00:00:00', 7, 1550, 0, 0, 0, 0, 0),
(444, 24, 12, 2018, '0000-00-00 00:00:00', 7, 1550, 0, 0, 0, 0, 0),
(477, 7, 9, 2019, '2019-09-12 00:00:00', 7, 1800, 1800, 0, 0, 0, 1),
(478, 7, 10, 2019, '2019-11-06 00:00:00', 7, 1900, 1900, 0, 0, 0, 1),
(479, 7, 11, 2019, '2019-11-06 00:00:00', 7, 1900, 1900, 0, 0, 0, 1),
(480, 7, 12, 2019, '2019-12-17 00:00:00', 7, 1900, 900, 1000, 0, 0, 1),
(481, 27, 1, 2019, '2019-01-10 00:00:00', 7, 1550, 1550, 0, 0, 0, 1),
(482, 27, 2, 2019, '2019-03-30 00:00:00', 7, 1800, 1800, 0, 0, 0, 1),
(483, 27, 3, 2019, '0000-00-00 00:00:00', 7, 1800, 0, 0, 0, 0, 0),
(484, 27, 4, 2019, '0000-00-00 00:00:00', 7, 1800, 0, 0, 0, 0, 0),
(485, 27, 5, 2019, '0000-00-00 00:00:00', 7, 1800, 0, 0, 0, 0, 0),
(486, 27, 6, 2019, '0000-00-00 00:00:00', 7, 1800, 0, 0, 0, 0, 0),
(487, 27, 7, 2019, '0000-00-00 00:00:00', 7, 1800, 0, 0, 0, 0, 0),
(488, 27, 8, 2019, '2019-08-13 00:00:00', 7, 1800, 1800, 0, 0, 0, 1),
(907, 1, 12, 2019, '2019-12-20 00:00:00', 7, 1900, 1900, 0, 0, 0, 1),
(906, 1, 11, 2019, '2019-12-20 00:00:00', 7, 1900, 1900, 0, 0, 0, 1),
(905, 1, 10, 2019, '2019-11-07 00:00:00', 7, 1900, 1900, 0, 0, 0, 1),
(493, 18, 1, 2019, '2019-01-19 00:00:00', 7, 1550, 1550, 0, 0, 0, 1),
(494, 18, 2, 2019, '2019-02-09 00:00:00', 7, 1800, 1800, 0, 0, 0, 1),
(495, 18, 3, 2019, '2019-03-09 00:00:00', 7, 1800, 1800, 0, 0, 0, 1),
(496, 18, 4, 2019, '2019-04-11 00:00:00', 7, 1800, 1800, 0, 0, 0, 1),
(497, 18, 5, 2019, '2019-06-22 00:00:00', 7, 1800, 1800, 0, 0, 0, 1),
(498, 18, 6, 2019, '2019-07-19 00:00:00', 7, 1800, 1800, 0, 0, 0, 1),
(499, 18, 7, 2019, '2019-07-19 00:00:00', 7, 1800, 1800, 0, 0, 0, 1),
(500, 18, 8, 2019, '2019-09-26 00:00:00', 7, 1800, 1800, 0, 0, 0, 1),
(501, 18, 9, 2019, '2019-09-26 00:00:00', 7, 1800, 1800, 0, 0, 0, 1),
(502, 18, 10, 2019, '2019-09-26 00:00:00', 7, 1900, 1900, 0, 0, 0, 1),
(503, 18, 11, 2019, '2019-11-07 00:00:00', 7, 1900, 1900, 0, 0, 0, 1),
(504, 18, 12, 2019, '2019-12-26 00:00:00', 7, 1900, 900, 1000, 0, 0, 1),
(505, 9, 1, 2019, '2019-03-03 00:00:00', 7, 1550, 1550, 0, 0, 0, 1),
(506, 9, 2, 2019, '2019-03-21 00:00:00', 7, 1800, 1800, 0, 0, 0, 1),
(507, 9, 3, 2019, '2019-04-15 00:00:00', 7, 1800, 1800, 0, 0, 0, 1),
(508, 9, 4, 2019, '2019-05-20 00:00:00', 7, 1800, 1800, 0, 0, 0, 1),
(509, 9, 5, 2019, '2019-08-21 00:00:00', 7, 1800, 1800, 0, 0, 0, 1),
(510, 9, 6, 2019, '2019-09-23 00:00:00', 7, 1800, 1800, 0, 0, 0, 1),
(511, 9, 7, 2019, '2019-11-19 00:00:00', 7, 1800, 1800, 0, 0, 0, 1),
(512, 9, 8, 2019, '2020-02-06 00:00:00', 7, 1800, 1800, 0, 0, 0, 1),
(513, 9, 9, 2019, '2020-02-21 00:00:00', 7, 1800, 1800, 0, 0, 0, 1),
(514, 9, 10, 2019, '2020-02-21 00:00:00', 7, 1900, 1900, 0, 0, 0, 1),
(515, 9, 11, 2019, '2020-02-21 00:00:00', 7, 1900, 1900, 0, 0, 0, 1),
(516, 9, 12, 2019, '2020-04-07 00:00:00', 7, 1900, 0, 1900, 0, 0, 1),
(517, 15, 1, 2019, '2019-01-18 00:00:00', 7, 1550, 1550, 0, 0, 0, 1),
(518, 15, 2, 2019, '2019-02-09 00:00:00', 7, 1800, 1800, 0, 0, 0, 1),
(519, 15, 3, 2019, '2019-03-23 00:00:00', 7, 1800, 1800, 0, 0, 0, 1),
(520, 15, 4, 2019, '2019-05-18 00:00:00', 7, 1800, 1800, 0, 0, 0, 1),
(521, 15, 5, 2019, '2019-05-18 00:00:00', 7, 1800, 1800, 0, 0, 0, 1),
(522, 15, 6, 2019, '2019-07-04 00:00:00', 7, 1800, 1800, 0, 0, 0, 1),
(523, 15, 7, 2019, '2019-08-21 00:00:00', 7, 1800, 1800, 0, 0, 0, 1),
(524, 15, 8, 2019, '2019-09-15 00:00:00', 7, 1800, 1800, 0, 0, 0, 1),
(525, 15, 9, 2019, '2019-10-05 00:00:00', 7, 1800, 1800, 0, 0, 0, 1),
(526, 15, 10, 2019, '2019-10-30 00:00:00', 7, 1900, 1900, 0, 0, 0, 1),
(527, 15, 11, 2019, '2019-12-12 00:00:00', 7, 1900, 1900, 0, 0, 0, 1),
(528, 15, 12, 2019, '2019-12-12 00:00:00', 7, 1900, 900, 1000, 0, 0, 1),
(529, 11, 1, 2019, '2019-12-26 00:00:00', 7, 1550, 0, 1550, 0, 0, 1),
(752, 41, 10, 2019, '2019-11-08 00:00:00', 6, 0, 0, 0, 0, 0, 1),
(751, 41, 9, 2019, '2019-10-14 00:00:00', 6, 0, 0, 0, 0, 0, 1),
(750, 41, 8, 2019, '2019-09-12 00:00:00', 6, 0, 0, 0, 0, 0, 1),
(749, 41, 7, 2019, '2019-09-12 00:00:00', 6, 0, 0, 0, 0, 0, 1),
(748, 41, 6, 2019, '2019-06-20 00:00:00', 6, 0, 0, 0, 0, 0, 1),
(747, 41, 5, 2019, '2019-05-08 00:00:00', 6, 0, 0, 0, 0, 0, 1),
(746, 41, 4, 2019, '2019-04-15 00:00:00', 6, 0, 0, 0, 0, 0, 1),
(745, 41, 3, 2019, '2019-03-23 00:00:00', 6, 1450, 1450, 0, 0, 0, 1),
(744, 41, 2, 2019, '2019-02-28 00:00:00', 6, 1200, 1200, 0, 0, 0, 1),
(743, 41, 1, 2019, '2019-02-28 00:00:00', 6, 1200, 1200, 0, 0, 0, 1),
(742, 47, 12, 2019, '2019-12-12 00:00:00', 6, 1550, 550, 1000, 0, 0, 1),
(541, 19, 1, 2019, '2019-01-21 00:00:00', 7, 1550, 1550, 0, 0, 0, 1),
(542, 19, 2, 2019, '2019-02-25 00:00:00', 7, 1800, 1800, 0, 0, 0, 1),
(543, 19, 3, 2019, '2019-05-14 00:00:00', 7, 1800, 1800, 0, 0, 0, 1),
(544, 19, 4, 2019, '2019-06-09 00:00:00', 7, 1800, 1800, 0, 0, 0, 1),
(545, 19, 5, 2019, '2019-07-09 00:00:00', 7, 1800, 1800, 0, 0, 0, 1),
(546, 19, 6, 2019, '2019-08-13 00:00:00', 7, 1800, 1800, 0, 0, 0, 1),
(547, 19, 7, 2019, '2019-09-12 00:00:00', 7, 1800, 1800, 0, 0, 0, 1),
(548, 19, 8, 2019, '2019-10-05 00:00:00', 7, 1800, 1800, 0, 0, 0, 1),
(549, 19, 9, 2019, '2019-11-03 00:00:00', 7, 1800, 1800, 0, 0, 0, 1),
(550, 19, 10, 2019, '2019-12-31 00:00:00', 7, 1900, 1900, 0, 0, 0, 1),
(551, 19, 11, 2019, '2019-12-31 00:00:00', 7, 1900, 1900, 0, 0, 0, 1),
(552, 19, 12, 2019, '2019-12-31 00:00:00', 7, 1900, 900, 1000, 0, 0, 1),
(553, 4, 1, 2019, '2019-01-21 00:00:00', 7, 1550, 1550, 0, 0, 0, 1),
(554, 4, 2, 2019, '2019-02-08 00:00:00', 7, 1800, 1800, 0, 0, 0, 1),
(555, 4, 3, 2019, '2019-03-21 00:00:00', 7, 1800, 1800, 0, 0, 0, 1),
(556, 4, 4, 2019, '2019-04-12 00:00:00', 7, 1800, 1800, 0, 0, 0, 1),
(557, 4, 5, 2019, '2019-05-14 00:00:00', 7, 1800, 1800, 0, 0, 0, 1),
(558, 4, 6, 2019, '2019-08-21 00:00:00', 7, 1800, 1800, 0, 0, 0, 1),
(559, 4, 7, 2019, '2019-09-12 00:00:00', 7, 1800, 1800, 0, 0, 0, 1),
(560, 4, 8, 2019, '2019-09-19 00:00:00', 7, 1800, 1800, 0, 0, 0, 1),
(561, 4, 9, 2019, '2019-11-02 00:00:00', 7, 1800, 1800, 0, 0, 0, 1),
(562, 4, 10, 2019, '2019-11-02 00:00:00', 7, 1900, 1900, 0, 0, 0, 1),
(563, 4, 11, 2019, '2019-11-27 00:00:00', 7, 1900, 1900, 0, 0, 0, 1),
(564, 4, 12, 2019, '2019-12-26 00:00:00', 7, 1900, 900, 1000, 0, 0, 1),
(565, 12, 1, 2019, '2019-01-23 00:00:00', 7, 1550, 1550, 0, 0, 0, 1),
(566, 12, 2, 2019, '2019-01-23 00:00:00', 7, 1550, 1550, 0, 0, 0, 1),
(567, 12, 3, 2019, '2019-03-14 00:00:00', 7, 1800, 1800, 0, 0, 0, 1),
(568, 12, 4, 2019, '2019-04-15 00:00:00', 7, 1800, 1800, 0, 0, 0, 1),
(569, 12, 5, 2019, '2019-07-04 00:00:00', 7, 1800, 1800, 0, 0, 0, 1),
(570, 12, 6, 2019, '2019-07-04 00:00:00', 7, 1800, 1800, 0, 0, 0, 1),
(571, 12, 7, 2019, '2019-08-30 00:00:00', 7, 1800, 1800, 0, 0, 0, 1),
(572, 12, 8, 2019, '2019-09-12 00:00:00', 7, 1800, 1800, 0, 0, 0, 1),
(573, 12, 9, 2019, '2019-10-25 00:00:00', 7, 1800, 1800, 0, 0, 0, 1),
(574, 12, 10, 2019, '2019-11-10 00:00:00', 7, 1900, 1900, 0, 0, 0, 1),
(575, 12, 11, 2019, '2019-12-12 00:00:00', 7, 1900, 1900, 0, 0, 0, 1),
(576, 12, 12, 2019, '2019-12-12 00:00:00', 7, 1900, 900, 1000, 0, 0, 1),
(577, 34, 1, 2019, '2019-01-26 00:00:00', 7, 1550, 1550, 0, 0, 0, 1),
(578, 34, 2, 2019, '2019-02-16 00:00:00', 7, 1800, 1800, 0, 0, 0, 1),
(579, 34, 3, 2019, '2019-03-20 00:00:00', 7, 1800, 1800, 0, 0, 0, 1),
(580, 34, 4, 2019, '2019-04-07 00:00:00', 7, 1800, 1800, 0, 0, 0, 1),
(581, 34, 5, 2019, '2019-05-18 00:00:00', 7, 1800, 1800, 0, 0, 0, 1),
(582, 34, 6, 2019, '2019-06-09 00:00:00', 7, 1800, 1800, 0, 0, 0, 1),
(583, 34, 7, 2019, '2019-07-07 00:00:00', 7, 1800, 1800, 0, 0, 0, 1),
(584, 34, 8, 2019, '2019-12-26 00:00:00', 7, 1800, 1800, 0, 0, 0, 1),
(589, 2, 1, 2019, '2019-02-09 00:00:00', 7, 1800, 1800, 0, 0, 0, 1),
(590, 2, 2, 2019, '2019-02-09 00:00:00', 7, 1800, 1800, 0, 0, 0, 1),
(591, 2, 3, 2019, '2019-03-29 00:00:00', 7, 1800, 1800, 0, 0, 0, 1),
(592, 2, 4, 2019, '2019-06-09 00:00:00', 7, 1800, 1800, 0, 0, 0, 1),
(593, 2, 5, 2019, '2019-06-14 00:00:00', 7, 1800, 1800, 0, 0, 0, 1),
(594, 2, 6, 2019, '2019-06-14 00:00:00', 7, 1800, 1800, 0, 0, 0, 1),
(595, 2, 7, 2019, '2019-08-25 00:00:00', 7, 1800, 1800, 0, 0, 0, 1),
(596, 2, 8, 2019, '2019-08-25 00:00:00', 7, 1800, 1800, 0, 0, 0, 1),
(597, 2, 9, 2019, '2019-09-12 00:00:00', 7, 1800, 1800, 0, 0, 0, 1),
(598, 2, 10, 2019, '2019-10-30 00:00:00', 7, 1900, 1900, 0, 0, 0, 1),
(599, 2, 11, 2019, '2019-11-07 00:00:00', 7, 1900, 1900, 0, 0, 0, 1),
(600, 2, 12, 2019, '2019-12-20 00:00:00', 7, 1900, 1900, 0, 0, 0, 1),
(601, 8, 1, 2019, '2019-02-09 00:00:00', 19, 0, 0, 0, 0, 0, 1),
(602, 8, 2, 2019, '2019-02-09 00:00:00', 19, 0, 0, 0, 0, 0, 1),
(603, 8, 3, 2019, '2019-02-09 00:00:00', 19, 0, 0, 0, 0, 0, 1),
(604, 8, 4, 2019, '2019-04-07 00:00:00', 19, 0, 0, 0, 0, 0, 1),
(605, 8, 5, 2019, '2019-05-08 00:00:00', 19, 0, 0, 0, 0, 0, 1),
(606, 8, 6, 2019, '2019-06-20 00:00:00', 19, 0, 0, 0, 0, 0, 1),
(607, 8, 7, 2019, '2019-07-11 00:00:00', 19, 0, 0, 0, 0, 0, 1),
(608, 8, 8, 2019, '2019-08-25 00:00:00', 19, 0, 0, 0, 0, 0, 1),
(609, 8, 9, 2019, '2019-09-23 00:00:00', 19, 0, 0, 0, 0, 0, 1),
(610, 8, 10, 2019, '2019-09-23 00:00:00', 19, 0, 0, 0, 0, 0, 1),
(611, 8, 11, 2019, '2019-09-23 00:00:00', 19, 0, 0, 0, 0, 0, 1),
(612, 8, 12, 2019, '2019-09-23 00:00:00', 19, 0, 0, 0, 0, 0, 1),
(613, 24, 1, 2019, '0000-00-00 00:00:00', 7, 1800, 0, 0, 0, 0, 0),
(741, 47, 11, 2019, '2019-11-25 00:00:00', 6, 1550, 1550, 0, 0, 0, 1),
(740, 47, 10, 2019, '2019-11-01 00:00:00', 6, 1550, 1550, 0, 0, 0, 1),
(739, 47, 9, 2019, '2019-09-27 00:00:00', 6, 1450, 1450, 0, 0, 0, 1),
(738, 47, 8, 2019, '2019-08-13 00:00:00', 6, 1450, 1450, 0, 0, 0, 1),
(737, 47, 7, 2019, '2019-07-07 00:00:00', 6, 1450, 1450, 0, 0, 0, 1),
(736, 47, 6, 2019, '2019-06-23 00:00:00', 6, 1450, 1450, 0, 0, 0, 1),
(735, 47, 5, 2019, '2019-05-04 00:00:00', 6, 1450, 1450, 0, 0, 0, 1),
(734, 47, 4, 2019, '2019-04-15 00:00:00', 6, 1450, 1450, 0, 0, 0, 1),
(733, 47, 3, 2019, '2019-03-22 00:00:00', 6, 1450, 1450, 0, 0, 0, 1),
(732, 47, 2, 2019, '2019-02-28 00:00:00', 6, 1200, 1200, 0, 0, 0, 1),
(731, 47, 1, 2019, '2019-02-28 00:00:00', 6, 1200, 1200, 0, 0, 0, 1),
(625, 35, 2, 2019, '2019-02-09 00:00:00', 7, 1800, 1800, 0, 0, 0, 1),
(626, 35, 3, 2019, '2019-04-15 00:00:00', 7, 1800, 1800, 0, 0, 0, 1),
(627, 35, 4, 2019, '2019-05-09 00:00:00', 7, 1800, 1800, 0, 0, 0, 1),
(628, 35, 5, 2019, '2019-08-21 00:00:00', 7, 1800, 1800, 0, 0, 0, 1),
(629, 35, 6, 2019, '2019-08-21 00:00:00', 7, 1800, 1800, 0, 0, 0, 1),
(630, 35, 7, 2019, '2019-08-21 00:00:00', 7, 1800, 1800, 0, 0, 0, 1),
(631, 35, 8, 2019, '2019-08-21 00:00:00', 7, 1800, 1800, 0, 0, 0, 1),
(632, 35, 9, 2019, '2019-10-13 00:00:00', 7, 1800, 1800, 0, 0, 0, 1),
(633, 35, 10, 2019, '2019-10-13 00:00:00', 7, 1900, 1900, 0, 0, 0, 1),
(634, 35, 11, 2019, '0000-00-00 00:00:00', 7, 1900, 0, 0, 0, 0, 0),
(635, 35, 12, 2019, '0000-00-00 00:00:00', 7, 1900, 0, 0, 0, 0, 0),
(636, 20, 1, 2019, '2019-02-09 00:00:00', 19, 0, 0, 0, 0, 0, 1),
(637, 20, 2, 2019, '2019-02-09 00:00:00', 19, 0, 0, 0, 0, 0, 1),
(638, 20, 3, 2019, '2019-02-25 00:00:00', 19, 0, 0, 0, 0, 0, 1),
(639, 20, 4, 2019, '2019-04-07 00:00:00', 19, 0, 0, 0, 0, 0, 1),
(640, 20, 5, 2019, '2019-05-08 00:00:00', 19, 0, 0, 0, 0, 0, 1),
(641, 20, 6, 2019, '2019-06-20 00:00:00', 19, 0, 0, 0, 0, 0, 1),
(642, 20, 7, 2019, '2019-08-25 00:00:00', 19, 0, 0, 0, 0, 0, 1),
(643, 20, 8, 2019, '2019-08-25 00:00:00', 19, 0, 0, 0, 0, 0, 1),
(644, 20, 9, 2019, '2019-09-23 00:00:00', 19, 0, 0, 0, 0, 0, 1),
(645, 20, 10, 2019, '2019-09-23 00:00:00', 19, 0, 0, 0, 0, 0, 1),
(646, 20, 11, 2019, '2019-09-23 00:00:00', 19, 0, 0, 0, 0, 0, 1),
(647, 20, 12, 2019, '2019-09-23 00:00:00', 19, 0, 0, 0, 0, 0, 1),
(648, 10, 1, 2019, '2019-02-09 00:00:00', 19, 0, 0, 0, 0, 0, 1),
(649, 10, 2, 2019, '2019-02-09 00:00:00', 19, 0, 0, 0, 0, 0, 1),
(650, 10, 3, 2019, '2019-02-25 00:00:00', 19, 0, 0, 0, 0, 0, 1),
(651, 10, 4, 2019, '2019-04-07 00:00:00', 19, 0, 0, 0, 0, 0, 1),
(652, 10, 5, 2019, '2019-05-08 00:00:00', 19, 0, 0, 0, 0, 0, 1),
(653, 10, 6, 2019, '2019-06-20 00:00:00', 19, 0, 0, 0, 0, 0, 1),
(654, 10, 7, 2019, '2019-08-25 00:00:00', 19, 0, 0, 0, 0, 0, 1),
(655, 10, 8, 2019, '2019-08-25 00:00:00', 19, 0, 0, 0, 0, 0, 1),
(656, 10, 9, 2019, '2019-09-23 00:00:00', 19, 0, 0, 0, 0, 0, 1),
(657, 10, 10, 2019, '2019-09-23 00:00:00', 19, 0, 0, 0, 0, 0, 1),
(658, 10, 11, 2019, '2019-09-23 00:00:00', 19, 0, 0, 0, 0, 0, 1),
(659, 10, 12, 2019, '2019-09-23 00:00:00', 19, 0, 0, 0, 0, 0, 1),
(660, 21, 1, 2019, '2019-02-09 00:00:00', 19, 0, 0, 0, 0, 0, 1),
(661, 21, 2, 2019, '2019-02-09 00:00:00', 19, 0, 0, 0, 0, 0, 1),
(662, 21, 3, 2019, '2019-02-25 00:00:00', 19, 0, 0, 0, 0, 0, 1),
(663, 21, 4, 2019, '2019-04-07 00:00:00', 19, 0, 0, 0, 0, 0, 1),
(664, 21, 5, 2019, '2019-05-08 00:00:00', 19, 0, 0, 0, 0, 0, 1),
(665, 21, 6, 2019, '2019-06-20 00:00:00', 19, 0, 0, 0, 0, 0, 1),
(666, 21, 7, 2019, '2019-08-25 00:00:00', 19, 0, 0, 0, 0, 0, 1),
(667, 21, 8, 2019, '2019-08-25 00:00:00', 19, 0, 0, 0, 0, 0, 1),
(668, 21, 9, 2019, '2019-09-23 00:00:00', 19, 0, 0, 0, 0, 0, 1),
(669, 21, 10, 2019, '2019-09-23 00:00:00', 19, 0, 0, 0, 0, 0, 1),
(670, 21, 11, 2019, '2019-09-23 00:00:00', 19, 0, 0, 0, 0, 0, 1),
(671, 21, 12, 2019, '2019-09-23 00:00:00', 19, 0, 0, 0, 0, 0, 1),
(672, 23, 1, 2019, '2019-02-09 00:00:00', 19, 0, 0, 0, 0, 0, 1),
(673, 23, 2, 2019, '2019-02-09 00:00:00', 19, 0, 0, 0, 0, 0, 1),
(674, 23, 3, 2019, '2019-02-25 00:00:00', 19, 0, 0, 0, 0, 0, 1),
(675, 23, 4, 2019, '2019-04-07 00:00:00', 19, 0, 0, 0, 0, 0, 1),
(676, 23, 5, 2019, '2019-05-08 00:00:00', 19, 0, 0, 0, 0, 0, 1),
(677, 23, 6, 2019, '2019-06-20 00:00:00', 19, 0, 0, 0, 0, 0, 1),
(678, 23, 7, 2019, '2019-08-25 00:00:00', 19, 0, 0, 0, 0, 0, 1),
(679, 23, 8, 2019, '2019-08-25 00:00:00', 19, 0, 0, 0, 0, 0, 1),
(680, 23, 9, 2019, '2019-09-23 00:00:00', 19, 0, 0, 0, 0, 0, 1),
(681, 23, 10, 2019, '2019-09-23 00:00:00', 19, 0, 0, 0, 0, 0, 1),
(682, 23, 11, 2019, '2019-09-23 00:00:00', 19, 0, 0, 0, 0, 0, 1),
(683, 23, 12, 2019, '2019-09-23 00:00:00', 19, 0, 0, 0, 0, 0, 1),
(684, 17, 1, 2019, '2019-04-22 00:00:00', 7, 1800, 1800, 0, 0, 0, 1),
(685, 17, 2, 2019, '2019-04-22 00:00:00', 7, 1800, 1800, 0, 0, 0, 1),
(686, 17, 3, 2019, '2019-03-14 00:00:00', 7, 1800, 1800, 0, 0, 0, 1),
(687, 17, 4, 2019, '2019-04-22 00:00:00', 7, 1800, 1800, 0, 0, 0, 1),
(688, 17, 5, 2019, '2019-05-14 00:00:00', 7, 1800, 1800, 0, 0, 0, 1),
(689, 17, 6, 2019, '2019-07-04 00:00:00', 7, 1800, 1800, 0, 0, 0, 1),
(690, 17, 7, 2019, '2019-08-13 00:00:00', 7, 1800, 1800, 0, 0, 0, 1),
(691, 17, 8, 2019, '2019-09-26 00:00:00', 7, 1800, 1800, 0, 0, 0, 1),
(692, 17, 9, 2019, '2019-09-26 00:00:00', 7, 1800, 1800, 0, 0, 0, 1),
(693, 17, 10, 2019, '2019-10-13 00:00:00', 7, 1900, 1900, 0, 0, 0, 1),
(694, 17, 11, 2019, '2019-12-12 00:00:00', 7, 1900, 1900, 0, 0, 0, 1),
(695, 17, 12, 2019, '2019-12-12 00:00:00', 7, 1900, 900, 1000, 0, 0, 1),
(708, 36, 2, 2019, '2019-02-19 00:00:00', 7, 1800, 1800, 0, 0, 0, 1),
(709, 36, 3, 2019, '2019-03-14 00:00:00', 7, 1800, 1800, 0, 0, 0, 1),
(710, 36, 4, 2019, '2019-04-11 00:00:00', 7, 1800, 1800, 0, 0, 0, 1),
(711, 36, 5, 2019, '2019-05-09 00:00:00', 7, 1800, 1800, 0, 0, 0, 1),
(712, 36, 6, 2019, '2019-06-23 00:00:00', 7, 1800, 1800, 0, 0, 0, 1),
(713, 36, 7, 2019, '2019-07-05 00:00:00', 7, 1800, 1800, 0, 0, 0, 1),
(714, 36, 8, 2019, '2019-09-15 00:00:00', 7, 1800, 1800, 0, 0, 0, 1),
(715, 36, 9, 2019, '2019-10-10 00:00:00', 7, 1800, 1800, 0, 0, 0, 1),
(716, 36, 10, 2019, '2019-10-29 00:00:00', 7, 1900, 1900, 0, 0, 0, 1),
(717, 36, 11, 2019, '2020-04-12 00:00:00', 7, 1900, 1900, 0, 0, 0, 1),
(718, 36, 12, 2019, '2020-04-12 00:00:00', 7, 1900, 900, 1000, 0, 0, 1),
(719, 22, 1, 2019, '0000-00-00 00:00:00', 7, 1800, 0, 0, 0, 0, 0),
(720, 22, 2, 2019, '0000-00-00 00:00:00', 7, 1800, 0, 0, 0, 0, 0),
(721, 22, 3, 2019, '0000-00-00 00:00:00', 7, 1800, 0, 0, 0, 0, 0),
(722, 22, 4, 2019, '0000-00-00 00:00:00', 7, 1800, 0, 0, 0, 0, 0),
(723, 22, 5, 2019, '0000-00-00 00:00:00', 7, 1800, 0, 0, 0, 0, 0),
(724, 22, 6, 2019, '0000-00-00 00:00:00', 7, 1800, 0, 0, 0, 0, 0),
(725, 22, 7, 2019, '0000-00-00 00:00:00', 7, 1800, 0, 0, 0, 0, 0),
(726, 22, 8, 2019, '0000-00-00 00:00:00', 7, 1800, 0, 0, 0, 0, 0),
(727, 22, 9, 2019, '0000-00-00 00:00:00', 7, 1800, 0, 0, 0, 0, 0),
(728, 22, 10, 2019, '0000-00-00 00:00:00', 7, 1800, 0, 0, 0, 0, 0),
(729, 22, 11, 2019, '0000-00-00 00:00:00', 7, 1800, 0, 0, 0, 0, 0),
(730, 22, 12, 2019, '0000-00-00 00:00:00', 7, 1800, 0, 0, 0, 0, 0),
(753, 41, 11, 2019, '2020-01-30 00:00:00', 6, 0, 0, 0, 0, 0, 1),
(754, 41, 12, 2019, '2020-01-30 00:00:00', 6, 0, 0, 0, 0, 0, 1),
(755, 44, 1, 2019, '2019-02-28 00:00:00', 6, 1200, 1200, 0, 0, 0, 1),
(756, 44, 2, 2019, '2019-02-28 00:00:00', 6, 1200, 1200, 0, 0, 0, 1),
(757, 44, 3, 2019, '2019-05-09 00:00:00', 6, 1450, 1450, 0, 0, 0, 1),
(758, 44, 4, 2019, '2019-05-09 00:00:00', 6, 1450, 1450, 0, 0, 0, 1),
(759, 44, 5, 2019, '2019-05-27 00:00:00', 6, 1450, 1450, 0, 0, 0, 1),
(760, 44, 6, 2019, '2019-06-23 00:00:00', 6, 1450, 1450, 0, 0, 0, 1),
(761, 44, 7, 2019, '2019-08-30 00:00:00', 6, 1450, 1450, 0, 0, 0, 1),
(762, 44, 8, 2019, '2019-09-12 00:00:00', 6, 1450, 1450, 0, 0, 0, 1),
(763, 44, 9, 2019, '2019-09-12 00:00:00', 6, 1450, 1450, 0, 0, 0, 1),
(764, 44, 10, 2019, '2019-11-01 00:00:00', 6, 1550, 1550, 0, 0, 0, 1),
(765, 44, 11, 2019, '2019-12-26 00:00:00', 6, 1550, 1550, 0, 0, 0, 1),
(766, 44, 12, 2019, '2020-01-30 00:00:00', 6, 1550, 1550, 0, 0, 0, 1),
(767, 45, 1, 2019, '2019-02-28 00:00:00', 6, 1200, 1200, 0, 0, 0, 1),
(768, 45, 2, 2019, '2019-02-28 00:00:00', 6, 1200, 1200, 0, 0, 0, 1),
(769, 45, 3, 2019, '2019-03-29 00:00:00', 6, 1450, 1450, 0, 0, 0, 1),
(770, 45, 4, 2019, '2019-04-15 00:00:00', 6, 1450, 1450, 0, 0, 0, 1),
(771, 45, 5, 2019, '2019-05-09 00:00:00', 6, 1450, 1450, 0, 0, 0, 1),
(772, 45, 6, 2019, '2019-06-06 00:00:00', 6, 1450, 1450, 0, 0, 0, 1),
(773, 45, 7, 2019, '2019-07-19 00:00:00', 6, 1450, 1450, 0, 0, 0, 1),
(774, 45, 8, 2019, '2019-08-13 00:00:00', 6, 1450, 1450, 0, 0, 0, 1),
(775, 45, 9, 2019, '2019-10-10 00:00:00', 6, 1450, 1450, 0, 0, 0, 1),
(776, 45, 10, 2019, '2020-03-10 00:00:00', 6, 1550, 1550, 0, 0, 0, 1),
(777, 45, 11, 2019, '2020-03-10 00:00:00', 6, 1550, 1550, 0, 0, 0, 1),
(778, 45, 12, 2019, '2020-03-10 00:00:00', 6, 1550, 1550, 0, 0, 0, 1),
(779, 37, 1, 2019, '2019-02-28 00:00:00', 6, 1200, 1200, 0, 0, 0, 1),
(780, 37, 2, 2019, '2019-03-14 00:00:00', 6, 1200, 1200, 0, 0, 0, 1),
(781, 37, 3, 2019, '2019-03-14 00:00:00', 6, 1200, 1200, 0, 0, 0, 1),
(782, 37, 4, 2019, '2019-05-09 00:00:00', 6, 1450, 1450, 0, 0, 0, 1),
(783, 37, 5, 2019, '2019-07-05 00:00:00', 6, 1450, 1450, 0, 0, 0, 1),
(784, 37, 6, 2019, '2019-08-13 00:00:00', 6, 1450, 1450, 0, 0, 0, 1),
(785, 37, 7, 2019, '2019-08-13 00:00:00', 6, 1450, 1450, 0, 0, 0, 1),
(786, 37, 8, 2019, '2019-09-12 00:00:00', 6, 1450, 1450, 0, 0, 0, 1),
(787, 37, 9, 2019, '2019-11-07 00:00:00', 6, 1450, 1450, 0, 0, 0, 1),
(788, 37, 10, 2019, '2019-11-07 00:00:00', 6, 1550, 1550, 0, 0, 0, 1),
(789, 37, 11, 2019, '2020-03-16 00:00:00', 6, 1550, 1550, 0, 0, 0, 1),
(790, 37, 12, 2019, '2020-03-16 00:00:00', 6, 1550, 1550, 0, 0, 0, 1),
(791, 46, 1, 2019, '2019-02-28 00:00:00', 6, 1200, 1200, 0, 0, 0, 1),
(792, 46, 2, 2019, '2019-03-01 00:00:00', 6, 1200, 1200, 0, 0, 0, 1),
(793, 46, 3, 2019, '2019-03-29 00:00:00', 6, 1450, 1450, 0, 0, 0, 1),
(794, 46, 4, 2019, '2019-05-09 00:00:00', 6, 1450, 1450, 0, 0, 0, 1),
(795, 46, 5, 2019, '2019-05-27 00:00:00', 6, 1450, 1450, 0, 0, 0, 1),
(796, 46, 6, 2019, '2019-08-30 00:00:00', 6, 1450, 1450, 0, 0, 0, 1),
(797, 46, 7, 2019, '2019-10-13 00:00:00', 6, 1450, 1450, 0, 0, 0, 1),
(798, 46, 8, 2019, '2019-11-02 00:00:00', 6, 1450, 1450, 0, 0, 0, 1),
(799, 46, 9, 2019, '2019-12-12 00:00:00', 6, 1450, 1450, 0, 0, 0, 1),
(800, 46, 10, 2019, '0000-00-00 00:00:00', 6, 1550, 0, 0, 0, 0, 0),
(801, 46, 11, 2019, '0000-00-00 00:00:00', 6, 1550, 0, 0, 0, 0, 0),
(802, 46, 12, 2019, '2020-02-02 00:00:00', 6, 1550, 550, 1000, 0, 0, 1),
(803, 43, 1, 2019, '0000-00-00 00:00:00', 6, 1200, 0, 0, 0, 0, 0),
(804, 43, 2, 2019, '0000-00-00 00:00:00', 6, 1200, 0, 0, 0, 0, 0),
(805, 43, 3, 2019, '0000-00-00 00:00:00', 6, 1200, 0, 0, 0, 0, 0),
(806, 43, 4, 2019, '0000-00-00 00:00:00', 6, 1200, 0, 0, 0, 0, 0),
(807, 43, 5, 2019, '0000-00-00 00:00:00', 6, 1200, 0, 0, 0, 0, 0),
(808, 43, 6, 2019, '0000-00-00 00:00:00', 6, 1200, 0, 0, 0, 0, 0),
(809, 43, 7, 2019, '0000-00-00 00:00:00', 6, 1200, 0, 0, 0, 0, 0),
(810, 43, 8, 2019, '0000-00-00 00:00:00', 6, 1200, 0, 0, 0, 0, 0),
(811, 43, 9, 2019, '0000-00-00 00:00:00', 6, 1200, 0, 0, 0, 0, 0),
(812, 43, 10, 2019, '0000-00-00 00:00:00', 6, 1200, 0, 0, 0, 0, 0),
(813, 43, 11, 2019, '0000-00-00 00:00:00', 6, 1200, 0, 0, 0, 0, 0),
(814, 43, 12, 2019, '0000-00-00 00:00:00', 6, 1200, 0, 0, 0, 0, 0),
(815, 38, 1, 2019, '2019-02-28 00:00:00', 6, 1200, 1200, 0, 0, 0, 1),
(816, 38, 2, 2019, '2019-02-28 00:00:00', 6, 1200, 1200, 0, 0, 0, 1),
(817, 38, 3, 2019, '2019-04-15 00:00:00', 6, 1450, 1450, 0, 0, 0, 1),
(818, 38, 4, 2019, '2019-05-09 00:00:00', 6, 1450, 1450, 0, 0, 0, 1),
(819, 38, 5, 2019, '2019-06-23 00:00:00', 6, 1450, 1450, 0, 0, 0, 1),
(820, 38, 6, 2019, '2019-07-04 00:00:00', 6, 1450, 1450, 0, 0, 0, 1),
(821, 38, 7, 2019, '2019-08-21 00:00:00', 6, 1450, 1450, 0, 0, 0, 1),
(822, 38, 8, 2019, '2019-09-23 00:00:00', 6, 1450, 1450, 0, 0, 0, 1),
(823, 38, 9, 2019, '2019-10-05 00:00:00', 6, 1450, 1450, 0, 0, 0, 1),
(824, 38, 10, 2019, '2019-10-29 00:00:00', 6, 1550, 1550, 0, 0, 0, 1),
(825, 38, 11, 2019, '2019-11-07 00:00:00', 6, 1550, 1550, 0, 0, 0, 1),
(826, 38, 12, 2019, '2019-12-12 00:00:00', 6, 1550, 550, 1000, 0, 0, 1),
(827, 42, 1, 2019, '2019-03-01 00:00:00', 6, 1200, 1200, 0, 0, 0, 1),
(828, 42, 2, 2019, '2019-03-01 00:00:00', 6, 1200, 1200, 0, 0, 0, 1),
(829, 42, 3, 2019, '2019-05-03 00:00:00', 6, 1450, 1450, 0, 0, 0, 1),
(830, 42, 4, 2019, '2019-05-03 00:00:00', 6, 1450, 1450, 0, 0, 0, 1),
(831, 42, 5, 2019, '2019-08-21 00:00:00', 6, 1450, 1450, 0, 0, 0, 1),
(832, 42, 6, 2019, '2019-08-30 00:00:00', 6, 1450, 1450, 0, 0, 0, 1),
(833, 42, 7, 2019, '2019-08-30 00:00:00', 6, 1450, 1450, 0, 0, 0, 1),
(834, 42, 8, 2019, '2019-09-29 00:00:00', 6, 1450, 1450, 0, 0, 0, 1),
(835, 42, 9, 2019, '2019-11-07 00:00:00', 6, 1450, 1450, 0, 0, 0, 1),
(836, 42, 10, 2019, '2019-12-12 00:00:00', 6, 1550, 1550, 0, 0, 0, 1),
(837, 42, 11, 2019, '2019-12-26 00:00:00', 6, 1550, 1550, 0, 0, 0, 1),
(838, 42, 12, 2019, '2019-12-26 00:00:00', 6, 1550, 550, 1000, 0, 0, 1),
(839, 48, 2, 2019, '2019-03-05 00:00:00', 7, 1800, 1800, 0, 0, 0, 1),
(840, 48, 3, 2019, '0000-00-00 00:00:00', 7, 1800, 0, 0, 0, 0, 0),
(841, 48, 4, 2019, '0000-00-00 00:00:00', 7, 1800, 0, 0, 0, 0, 0),
(842, 48, 5, 2019, '0000-00-00 00:00:00', 7, 1800, 0, 0, 0, 0, 0),
(843, 48, 6, 2019, '0000-00-00 00:00:00', 7, 1800, 0, 0, 0, 0, 0),
(844, 48, 7, 2019, '0000-00-00 00:00:00', 7, 1800, 0, 0, 0, 0, 0),
(845, 48, 8, 2019, '0000-00-00 00:00:00', 7, 1800, 0, 0, 0, 0, 0),
(846, 48, 9, 2019, '0000-00-00 00:00:00', 7, 1800, 0, 0, 0, 0, 0),
(847, 48, 10, 2019, '0000-00-00 00:00:00', 7, 1800, 0, 0, 0, 0, 0),
(848, 48, 11, 2019, '0000-00-00 00:00:00', 7, 1800, 0, 0, 0, 0, 0),
(849, 48, 12, 2019, '0000-00-00 00:00:00', 7, 1800, 0, 0, 0, 0, 0),
(850, 39, 1, 2019, '2019-03-13 00:00:00', 6, 1450, 700, 750, 0, 0, 1),
(851, 39, 2, 2019, '2019-03-13 00:00:00', 6, 1450, 700, 750, 0, 0, 1),
(852, 39, 3, 2019, '2019-04-06 00:00:00', 6, 1450, 1450, 0, 0, 0, 1),
(853, 39, 4, 2019, '2019-05-10 00:00:00', 6, 1450, 750, 700, 0, 0, 1),
(854, 39, 5, 2019, '2019-06-07 00:00:00', 6, 1450, 1150, 300, 0, 0, 1),
(855, 39, 6, 2019, '2019-07-04 00:00:00', 6, 1450, 1450, 0, 0, 0, 1),
(856, 39, 7, 2019, '2019-08-13 00:00:00', 6, 1450, 700, 750, 0, 0, 1),
(857, 39, 8, 2019, '2019-09-12 00:00:00', 6, 1450, 1450, 0, 0, 0, 1),
(858, 39, 9, 2019, '2019-10-11 00:00:00', 6, 1450, 1450, 0, 0, 0, 1),
(859, 39, 10, 2019, '2019-11-06 00:00:00', 6, 1550, 1550, 0, 0, 0, 1),
(860, 39, 11, 2019, '2019-11-29 00:00:00', 6, 1550, 1550, 0, 0, 0, 1),
(861, 39, 12, 2019, '2020-02-17 00:00:00', 6, 1550, 1550, 0, 0, 0, 1),
(862, 14, 1, 2019, '2019-03-29 00:00:00', 7, 1800, 1800, 0, 0, 0, 1),
(863, 14, 2, 2019, '2019-04-25 00:00:00', 7, 1800, 1800, 0, 0, 0, 1),
(864, 14, 3, 2019, '2019-05-09 00:00:00', 7, 1800, 1800, 0, 0, 0, 1),
(865, 14, 4, 2019, '2019-06-06 00:00:00', 7, 1800, 1800, 0, 0, 0, 1),
(866, 14, 5, 2019, '2019-06-20 00:00:00', 7, 1800, 1800, 0, 0, 0, 1),
(867, 14, 6, 2019, '2019-07-07 00:00:00', 7, 1800, 1800, 0, 0, 0, 1),
(868, 14, 7, 2019, '2019-07-11 00:00:00', 7, 1800, 1800, 0, 0, 0, 1),
(869, 14, 8, 2019, '2019-08-31 00:00:00', 7, 1800, 1800, 0, 0, 0, 1),
(870, 14, 9, 2019, '2019-09-26 00:00:00', 7, 1800, 1800, 0, 0, 0, 1),
(871, 14, 10, 2019, '2020-01-31 00:00:00', 7, 1900, 2200, 0, 300, 0, 1),
(872, 14, 11, 2019, '2020-01-31 00:00:00', 7, 1900, 2200, 0, 300, 0, 1),
(873, 14, 12, 2019, '2020-01-31 00:00:00', 7, 1900, 900, 1000, 0, 0, 1),
(874, 26, 1, 2019, '2019-04-25 00:00:00', 7, 1800, 1800, 0, 0, 0, 1),
(875, 26, 2, 2019, '2019-04-25 00:00:00', 7, 1800, 0, 1800, 0, 0, 1),
(876, 26, 3, 2019, '2019-04-25 00:00:00', 7, 1800, 1800, 0, 0, 0, 1),
(877, 26, 4, 2019, '2019-04-25 00:00:00', 7, 1800, 1800, 0, 0, 0, 1),
(878, 26, 5, 2019, '2019-08-31 00:00:00', 7, 1800, 1800, 0, 0, 0, 1),
(879, 26, 6, 2019, '2019-09-26 00:00:00', 7, 1800, 1800, 0, 0, 0, 1),
(880, 26, 7, 2019, '2019-09-26 00:00:00', 7, 1800, 1800, 0, 0, 0, 1),
(881, 26, 8, 2019, '2019-10-10 00:00:00', 7, 1800, 1800, 0, 0, 0, 1),
(882, 26, 9, 2019, '2019-11-20 00:00:00', 7, 1800, 1800, 0, 0, 0, 1),
(883, 26, 10, 2019, '2019-11-20 00:00:00', 7, 1900, 1900, 0, 0, 0, 1),
(884, 26, 11, 2019, '0000-00-00 00:00:00', 7, 1900, 0, 0, 0, 0, 0),
(885, 26, 12, 2019, '0000-00-00 00:00:00', 7, 1900, 0, 0, 0, 0, 0),
(886, 40, 1, 2019, '2019-05-25 00:00:00', 6, 1450, 1450, 0, 0, 0, 1),
(887, 40, 2, 2019, '2019-05-25 00:00:00', 6, 1450, 1450, 0, 0, 0, 1),
(888, 40, 3, 2019, '2019-05-25 00:00:00', 6, 1450, 1450, 0, 0, 0, 1),
(889, 40, 4, 2019, '2019-05-25 00:00:00', 6, 1450, 1450, 0, 0, 0, 1),
(890, 40, 5, 2019, '2019-07-07 00:00:00', 6, 1450, 1450, 0, 0, 0, 1),
(891, 40, 6, 2019, '2019-07-07 00:00:00', 6, 1450, 1450, 0, 0, 0, 1),
(892, 40, 7, 2019, '2019-09-14 00:00:00', 6, 1450, 1450, 0, 0, 0, 1),
(893, 40, 8, 2019, '2019-09-14 00:00:00', 6, 1450, 1450, 0, 0, 0, 1),
(894, 40, 9, 2019, '2019-10-25 00:00:00', 6, 1450, 1450, 0, 0, 0, 1),
(895, 40, 10, 2019, '0000-00-00 00:00:00', 6, 1550, 0, 0, 0, 0, 0),
(896, 40, 11, 2019, '0000-00-00 00:00:00', 6, 1550, 0, 0, 0, 0, 0),
(897, 40, 12, 2019, '0000-00-00 00:00:00', 6, 1550, 0, 0, 0, 0, 0),
(898, 53, 6, 2019, '2019-07-19 00:00:00', 6, 1450, 1450, 0, 0, 0, 1),
(899, 53, 7, 2019, '2019-08-30 00:00:00', 6, 1450, 1450, 0, 0, 0, 1),
(900, 53, 8, 2019, '0000-00-00 00:00:00', 6, 1450, 0, 0, 0, 0, 0),
(901, 53, 9, 2019, '0000-00-00 00:00:00', 6, 1450, 0, 0, 0, 0, 0),
(902, 53, 10, 2019, '0000-00-00 00:00:00', 6, 1450, 0, 0, 0, 0, 0),
(903, 53, 11, 2019, '0000-00-00 00:00:00', 6, 1450, 0, 0, 0, 0, 0),
(904, 53, 12, 2019, '0000-00-00 00:00:00', 6, 1450, 0, 0, 0, 0, 0),
(908, 54, 1, 2020, '2020-02-15 00:00:00', 5, 1800, 1800, 0, 0, 0, 1),
(909, 54, 2, 2020, '2020-02-15 00:00:00', 5, 1800, 1800, 0, 0, 0, 1),
(910, 54, 3, 2020, '2020-03-05 00:00:00', 5, 1800, 1800, 0, 0, 0, 1),
(911, 54, 4, 2020, '0000-00-00 00:00:00', 5, 1800, 0, 0, 0, 0, 0),
(912, 54, 5, 2020, '0000-00-00 00:00:00', 5, 1800, 0, 0, 0, 0, 0),
(913, 54, 6, 2020, '0000-00-00 00:00:00', 5, 1800, 0, 0, 0, 0, 0),
(914, 54, 7, 2020, '0000-00-00 00:00:00', 5, 1800, 0, 0, 0, 0, 0),
(915, 54, 8, 2020, '0000-00-00 00:00:00', 5, 1800, 0, 0, 0, 0, 0),
(916, 54, 9, 2020, '0000-00-00 00:00:00', 5, 1800, 0, 0, 0, 0, 0),
(917, 54, 10, 2020, '0000-00-00 00:00:00', 5, 1800, 0, 0, 0, 0, 0),
(918, 54, 11, 2020, '0000-00-00 00:00:00', 5, 1800, 0, 0, 0, 0, 0),
(919, 54, 12, 2020, '0000-00-00 00:00:00', 5, 1800, 0, 0, 0, 0, 0),
(920, 20, 1, 2020, '2020-01-10 00:00:00', 7, 2200, 2200, 0, 0, 0, 1),
(921, 20, 2, 2020, '2020-02-06 00:00:00', 7, 2200, 2200, 0, 0, 0, 1),
(922, 20, 3, 2020, '2020-03-08 00:00:00', 7, 2200, 2200, 0, 0, 0, 1),
(923, 20, 4, 2020, '0000-00-00 00:00:00', 7, 2200, 0, 0, 0, 0, 0),
(924, 20, 5, 2020, '0000-00-00 00:00:00', 7, 2200, 0, 0, 0, 0, 0),
(925, 20, 6, 2020, '0000-00-00 00:00:00', 7, 2200, 0, 0, 0, 0, 0),
(926, 20, 7, 2020, '0000-00-00 00:00:00', 7, 2200, 0, 0, 0, 0, 0),
(927, 20, 8, 2020, '0000-00-00 00:00:00', 7, 2200, 0, 0, 0, 0, 0),
(928, 20, 9, 2020, '0000-00-00 00:00:00', 7, 2200, 0, 0, 0, 0, 0),
(929, 20, 10, 2020, '0000-00-00 00:00:00', 7, 2200, 0, 0, 0, 0, 0),
(930, 20, 11, 2020, '0000-00-00 00:00:00', 7, 2200, 0, 0, 0, 0, 0),
(931, 20, 12, 2020, '0000-00-00 00:00:00', 7, 2200, 0, 0, 0, 0, 0),
(932, 75, 1, 2020, '2020-01-10 00:00:00', 7, 2200, 2200, 0, 0, 0, 1),
(933, 75, 2, 2020, '2020-02-08 00:00:00', 7, 2200, 2200, 0, 0, 0, 1),
(934, 75, 3, 2020, '0000-00-00 00:00:00', 7, 2200, 0, 0, 0, 0, 0),
(935, 75, 4, 2020, '0000-00-00 00:00:00', 7, 2200, 0, 0, 0, 0, 0),
(936, 75, 5, 2020, '0000-00-00 00:00:00', 7, 2200, 0, 0, 0, 0, 0),
(937, 75, 6, 2020, '0000-00-00 00:00:00', 7, 2200, 0, 0, 0, 0, 0),
(938, 75, 7, 2020, '0000-00-00 00:00:00', 7, 2200, 0, 0, 0, 0, 0),
(939, 75, 8, 2020, '0000-00-00 00:00:00', 7, 2200, 0, 0, 0, 0, 0),
(940, 75, 9, 2020, '0000-00-00 00:00:00', 7, 2200, 0, 0, 0, 0, 0),
(941, 75, 10, 2020, '0000-00-00 00:00:00', 7, 2200, 0, 0, 0, 0, 0),
(942, 75, 11, 2020, '0000-00-00 00:00:00', 7, 2200, 0, 0, 0, 0, 0),
(943, 75, 12, 2020, '0000-00-00 00:00:00', 7, 2200, 0, 0, 0, 0, 0),
(944, 1, 1, 2020, '2020-01-28 00:00:00', 7, 0, 2200, 0, 0, 0, 1),
(945, 1, 2, 2020, '0000-00-00 00:00:00', 7, 0, 0, 0, 0, 0, 0),
(946, 1, 3, 2020, '0000-00-00 00:00:00', 7, 0, 0, 0, 0, 0, 0),
(947, 1, 4, 2020, '0000-00-00 00:00:00', 7, 0, 0, 0, 0, 0, 0),
(948, 1, 5, 2020, '0000-00-00 00:00:00', 7, 0, 0, 0, 0, 0, 0),
(949, 1, 6, 2020, '0000-00-00 00:00:00', 7, 0, 0, 0, 0, 0, 0),
(950, 1, 7, 2020, '0000-00-00 00:00:00', 7, 0, 0, 0, 0, 0, 0),
(951, 1, 8, 2020, '0000-00-00 00:00:00', 7, 0, 0, 0, 0, 0, 0),
(952, 1, 9, 2020, '0000-00-00 00:00:00', 7, 0, 0, 0, 0, 0, 0),
(953, 1, 10, 2020, '0000-00-00 00:00:00', 7, 0, 0, 0, 0, 0, 0),
(954, 1, 11, 2020, '0000-00-00 00:00:00', 7, 0, 0, 0, 0, 0, 0),
(955, 1, 12, 2020, '0000-00-00 00:00:00', 7, 0, 0, 0, 0, 0, 0),
(956, 8, 1, 2020, '2020-01-22 00:00:00', 7, 2200, 2200, 0, 0, 0, 1),
(957, 8, 2, 2020, '2020-01-22 00:00:00', 7, 2200, 2200, 0, 0, 0, 1),
(958, 8, 3, 2020, '2020-01-23 00:00:00', 7, 2200, 2200, 0, 0, 0, 1),
(959, 8, 4, 2020, '2020-04-07 00:00:00', 7, 2200, 2200, 0, 0, 0, 1),
(1004, 8, 5, 2020, '0000-00-00 00:00:00', 7, 2200, 0, 0, 0, 0, 0),
(961, 8, 6, 2020, '0000-00-00 00:00:00', 7, 2200, 0, 0, 0, 0, 0),
(962, 8, 7, 2020, '0000-00-00 00:00:00', 7, 2200, 0, 0, 0, 0, 0),
(963, 8, 8, 2020, '0000-00-00 00:00:00', 7, 2200, 0, 0, 0, 0, 0),
(964, 8, 9, 2020, '0000-00-00 00:00:00', 7, 2200, 0, 0, 0, 0, 0),
(965, 8, 10, 2020, '0000-00-00 00:00:00', 7, 2200, 0, 0, 0, 0, 0),
(966, 8, 11, 2020, '0000-00-00 00:00:00', 7, 2200, 0, 0, 0, 0, 0),
(967, 8, 12, 2020, '0000-00-00 00:00:00', 7, 2200, 0, 0, 0, 0, 0),
(968, 3, 1, 2020, '2020-02-18 00:00:00', 7, 2200, 2400, 0, 200, 0, 1);
INSERT INTO `cuotas_por_socio` (`id_cuota_socio`, `id_persona`, `id_mes`, `cuota_anio`, `fecha_pago`, `id_tipo_cuota`, `valor_cuota`, `monto_pagado`, `descuento`, `recargo`, `deuda`, `estado`) VALUES
(969, 3, 2, 2020, '2020-02-18 00:00:00', 7, 2200, 2200, 0, 0, 0, 1),
(970, 3, 3, 2020, '2020-03-16 00:00:00', 7, 2200, 2200, 0, 0, 0, 1),
(971, 3, 4, 2020, '0000-00-00 00:00:00', 7, 2200, 0, 0, 0, 0, 0),
(972, 3, 5, 2020, '0000-00-00 00:00:00', 7, 2200, 0, 0, 0, 0, 0),
(973, 3, 6, 2020, '0000-00-00 00:00:00', 7, 2200, 0, 0, 0, 0, 0),
(974, 3, 7, 2020, '0000-00-00 00:00:00', 7, 2200, 0, 0, 0, 0, 0),
(975, 3, 8, 2020, '0000-00-00 00:00:00', 7, 2200, 0, 0, 0, 0, 0),
(976, 3, 9, 2020, '0000-00-00 00:00:00', 7, 2200, 0, 0, 0, 0, 0),
(977, 3, 10, 2020, '0000-00-00 00:00:00', 7, 2200, 0, 0, 0, 0, 0),
(978, 3, 11, 2020, '0000-00-00 00:00:00', 7, 2200, 0, 0, 0, 0, 0),
(979, 3, 12, 2020, '0000-00-00 00:00:00', 7, 2200, 0, 0, 0, 0, 0),
(980, 42, 1, 2020, '2020-02-20 00:00:00', 19, 0, 0, 0, 0, 0, 1),
(981, 42, 2, 2020, '2020-02-20 00:00:00', 19, 0, 0, 0, 0, 0, 1),
(982, 42, 3, 2020, '2020-02-20 00:00:00', 19, 0, 0, 0, 0, 0, 1),
(983, 42, 4, 2020, '2020-04-12 00:00:00', 19, 0, 0, 0, 0, 0, 1),
(984, 42, 5, 2020, '0000-00-00 00:00:00', 19, 0, 0, 0, 0, 0, 0),
(985, 42, 6, 2020, '0000-00-00 00:00:00', 19, 0, 0, 0, 0, 0, 0),
(986, 42, 7, 2020, '0000-00-00 00:00:00', 19, 0, 0, 0, 0, 0, 0),
(987, 42, 8, 2020, '0000-00-00 00:00:00', 19, 0, 0, 0, 0, 0, 0),
(988, 42, 9, 2020, '0000-00-00 00:00:00', 19, 0, 0, 0, 0, 0, 0),
(989, 42, 10, 2020, '0000-00-00 00:00:00', 19, 0, 0, 0, 0, 0, 0),
(990, 42, 11, 2020, '0000-00-00 00:00:00', 19, 0, 0, 0, 0, 0, 0),
(991, 42, 12, 2020, '0000-00-00 00:00:00', 19, 0, 0, 0, 0, 0, 0),
(992, 4, 1, 2020, '2020-02-02 00:00:00', 7, 2200, 2200, 0, 0, 0, 1),
(993, 4, 2, 2020, '2020-03-04 00:00:00', 7, 2200, 2200, 0, 0, 0, 1),
(994, 4, 3, 2020, '2020-04-06 00:00:00', 7, 2200, 2200, 0, 0, 0, 1),
(995, 4, 4, 2020, '2020-04-06 00:00:00', 7, 2200, 1100, 1100, 0, 0, 1),
(996, 4, 5, 2020, '0000-00-00 00:00:00', 7, 2200, 0, 0, 0, 0, 0),
(997, 4, 6, 2020, '0000-00-00 00:00:00', 7, 2200, 0, 0, 0, 0, 0),
(998, 4, 7, 2020, '0000-00-00 00:00:00', 7, 2200, 0, 0, 0, 0, 0),
(999, 4, 8, 2020, '0000-00-00 00:00:00', 7, 2200, 0, 0, 0, 0, 0),
(1000, 4, 9, 2020, '0000-00-00 00:00:00', 7, 2200, 0, 0, 0, 0, 0),
(1001, 4, 10, 2020, '0000-00-00 00:00:00', 7, 2200, 0, 0, 0, 0, 0),
(1002, 4, 11, 2020, '0000-00-00 00:00:00', 7, 2200, 0, 0, 0, 0, 0),
(1003, 4, 12, 2020, '0000-00-00 00:00:00', 7, 2200, 0, 0, 0, 0, 0),
(1005, 12, 1, 2020, '2020-01-25 00:00:00', 7, 2200, 2200, 0, 0, 0, 1),
(1006, 12, 2, 2020, '2020-02-17 00:00:00', 7, 2200, 2200, 0, 0, 0, 1),
(1007, 12, 3, 2020, '2020-03-10 00:00:00', 7, 2200, 2200, 0, 0, 0, 1),
(1008, 12, 4, 2020, '2020-04-09 00:00:00', 7, 2200, 1100, 1100, 0, 0, 1),
(1009, 12, 5, 2020, '0000-00-00 00:00:00', 7, 2200, 0, 0, 0, 0, 0),
(1010, 12, 6, 2020, '0000-00-00 00:00:00', 7, 2200, 0, 0, 0, 0, 0),
(1011, 12, 7, 2020, '0000-00-00 00:00:00', 7, 2200, 0, 0, 0, 0, 0),
(1012, 12, 8, 2020, '0000-00-00 00:00:00', 7, 2200, 0, 0, 0, 0, 0),
(1013, 12, 9, 2020, '0000-00-00 00:00:00', 7, 2200, 0, 0, 0, 0, 0),
(1014, 12, 10, 2020, '0000-00-00 00:00:00', 7, 2200, 0, 0, 0, 0, 0),
(1015, 12, 11, 2020, '0000-00-00 00:00:00', 7, 2200, 0, 0, 0, 0, 0),
(1016, 12, 12, 2020, '0000-00-00 00:00:00', 7, 2200, 0, 0, 0, 0, 0),
(1017, 15, 1, 2020, '2020-01-28 00:00:00', 7, 2200, 2200, 0, 0, 0, 1),
(1018, 15, 2, 2020, '2020-02-08 00:00:00', 7, 2200, 2200, 0, 0, 0, 1),
(1019, 15, 3, 2020, '2020-03-16 00:00:00', 7, 2200, 2200, 0, 0, 0, 1),
(1020, 15, 4, 2020, '0000-00-00 00:00:00', 7, 2200, 0, 0, 0, 0, 0),
(1021, 15, 5, 2020, '0000-00-00 00:00:00', 7, 2200, 0, 0, 0, 0, 0),
(1022, 15, 6, 2020, '0000-00-00 00:00:00', 7, 2200, 0, 0, 0, 0, 0),
(1023, 15, 7, 2020, '0000-00-00 00:00:00', 7, 2200, 0, 0, 0, 0, 0),
(1024, 15, 8, 2020, '0000-00-00 00:00:00', 7, 2200, 0, 0, 0, 0, 0),
(1025, 15, 9, 2020, '0000-00-00 00:00:00', 7, 2200, 0, 0, 0, 0, 0),
(1026, 15, 10, 2020, '0000-00-00 00:00:00', 7, 2200, 0, 0, 0, 0, 0),
(1027, 15, 11, 2020, '0000-00-00 00:00:00', 7, 2200, 0, 0, 0, 0, 0),
(1028, 15, 12, 2020, '0000-00-00 00:00:00', 7, 2200, 0, 0, 0, 0, 0),
(1029, 17, 1, 2020, '2020-01-28 00:00:00', 7, 2200, 2200, 0, 0, 0, 1),
(1030, 17, 2, 2020, '2020-02-06 00:00:00', 7, 2200, 2200, 0, 0, 0, 1),
(1031, 17, 3, 2020, '2020-03-16 00:00:00', 7, 2200, 2200, 0, 0, 0, 1),
(1032, 17, 4, 2020, '0000-00-00 00:00:00', 7, 2200, 0, 0, 0, 0, 0),
(1033, 17, 5, 2020, '0000-00-00 00:00:00', 7, 2200, 0, 0, 0, 0, 0),
(1034, 17, 6, 2020, '0000-00-00 00:00:00', 7, 2200, 0, 0, 0, 0, 0),
(1035, 17, 7, 2020, '0000-00-00 00:00:00', 7, 2200, 0, 0, 0, 0, 0),
(1036, 17, 8, 2020, '0000-00-00 00:00:00', 7, 2200, 0, 0, 0, 0, 0),
(1037, 17, 9, 2020, '0000-00-00 00:00:00', 7, 2200, 0, 0, 0, 0, 0),
(1038, 17, 10, 2020, '0000-00-00 00:00:00', 7, 2200, 0, 0, 0, 0, 0),
(1039, 17, 11, 2020, '0000-00-00 00:00:00', 7, 2200, 0, 0, 0, 0, 0),
(1040, 17, 12, 2020, '0000-00-00 00:00:00', 7, 2200, 0, 0, 0, 0, 0),
(1041, 14, 1, 2020, '2020-01-31 00:00:00', 7, 2200, 2200, 0, 0, 0, 1),
(1042, 14, 2, 2020, '2020-01-31 00:00:00', 7, 2200, 2200, 0, 0, 0, 1),
(1043, 14, 3, 2020, '2020-03-16 00:00:00', 7, 2200, 2200, 0, 0, 0, 1),
(1044, 14, 4, 2020, '0000-00-00 00:00:00', 7, 2200, 0, 0, 0, 0, 0),
(1045, 14, 5, 2020, '0000-00-00 00:00:00', 7, 2200, 0, 0, 0, 0, 0),
(1046, 14, 6, 2020, '0000-00-00 00:00:00', 7, 2200, 0, 0, 0, 0, 0),
(1047, 14, 7, 2020, '0000-00-00 00:00:00', 7, 2200, 0, 0, 0, 0, 0),
(1048, 14, 8, 2020, '0000-00-00 00:00:00', 7, 2200, 0, 0, 0, 0, 0),
(1049, 14, 9, 2020, '0000-00-00 00:00:00', 7, 2200, 0, 0, 0, 0, 0),
(1050, 14, 10, 2020, '0000-00-00 00:00:00', 7, 2200, 0, 0, 0, 0, 0),
(1051, 14, 11, 2020, '0000-00-00 00:00:00', 7, 2200, 0, 0, 0, 0, 0),
(1052, 14, 12, 2020, '0000-00-00 00:00:00', 7, 2200, 0, 0, 0, 0, 0),
(1053, 44, 1, 2020, '2020-02-20 00:00:00', 6, 1800, 1800, 0, 0, 0, 1),
(1054, 44, 2, 2020, '2020-02-20 00:00:00', 6, 1800, 1800, 0, 0, 0, 1),
(1055, 44, 3, 2020, '0000-00-00 00:00:00', 6, 1800, 0, 0, 0, 0, 0),
(1056, 44, 4, 2020, '0000-00-00 00:00:00', 6, 1800, 0, 0, 0, 0, 0),
(1057, 44, 5, 2020, '0000-00-00 00:00:00', 6, 1800, 0, 0, 0, 0, 0),
(1058, 44, 6, 2020, '0000-00-00 00:00:00', 6, 1800, 0, 0, 0, 0, 0),
(1059, 44, 7, 2020, '0000-00-00 00:00:00', 6, 1800, 0, 0, 0, 0, 0),
(1060, 44, 8, 2020, '0000-00-00 00:00:00', 6, 1800, 0, 0, 0, 0, 0),
(1061, 44, 9, 2020, '0000-00-00 00:00:00', 6, 1800, 0, 0, 0, 0, 0),
(1062, 44, 10, 2020, '0000-00-00 00:00:00', 6, 1800, 0, 0, 0, 0, 0),
(1063, 44, 11, 2020, '0000-00-00 00:00:00', 6, 1800, 0, 0, 0, 0, 0),
(1064, 44, 12, 2020, '0000-00-00 00:00:00', 6, 1800, 0, 0, 0, 0, 0),
(1065, 41, 1, 2020, '2020-01-30 00:00:00', 19, 0, 0, 0, 0, 0, 1),
(1066, 41, 2, 2020, '2020-02-15 00:00:00', 19, 1800, 1800, 0, 0, 0, 1),
(1067, 41, 3, 2020, '0000-00-00 00:00:00', 19, 1800, 0, 0, 0, 0, 0),
(1068, 41, 4, 2020, '0000-00-00 00:00:00', 19, 1800, 0, 0, 0, 0, 0),
(1069, 41, 5, 2020, '0000-00-00 00:00:00', 19, 1800, 0, 0, 0, 0, 0),
(1070, 41, 6, 2020, '0000-00-00 00:00:00', 19, 1800, 0, 0, 0, 0, 0),
(1071, 41, 7, 2020, '0000-00-00 00:00:00', 19, 1800, 0, 0, 0, 0, 0),
(1072, 41, 8, 2020, '0000-00-00 00:00:00', 19, 1800, 0, 0, 0, 0, 0),
(1073, 41, 9, 2020, '0000-00-00 00:00:00', 19, 1800, 0, 0, 0, 0, 0),
(1074, 41, 10, 2020, '0000-00-00 00:00:00', 19, 1800, 0, 0, 0, 0, 0),
(1075, 41, 11, 2020, '0000-00-00 00:00:00', 19, 1800, 0, 0, 0, 0, 0),
(1076, 41, 12, 2020, '0000-00-00 00:00:00', 19, 1800, 0, 0, 0, 0, 0),
(1077, 46, 1, 2020, '0000-00-00 00:00:00', 6, 1800, 0, 0, 0, 0, 0),
(1078, 46, 2, 2020, '2020-02-02 00:00:00', 6, 1800, 1800, 0, 0, 0, 1),
(1079, 46, 3, 2020, '0000-00-00 00:00:00', 6, 1800, 0, 0, 0, 0, 0),
(1396, 93, 9, 2020, '0000-00-00 00:00:00', 23, 800, 0, 0, 0, 0, 0),
(1395, 93, 8, 2020, '0000-00-00 00:00:00', 23, 800, 0, 0, 0, 0, 0),
(1394, 93, 7, 2020, '0000-00-00 00:00:00', 23, 800, 0, 0, 0, 0, 0),
(1393, 93, 6, 2020, '0000-00-00 00:00:00', 23, 800, 0, 0, 0, 0, 0),
(1392, 93, 5, 2020, '0000-00-00 00:00:00', 23, 800, 0, 0, 0, 0, 0),
(1391, 93, 4, 2020, '2020-04-12 00:00:00', 23, 800, 400, 400, 0, 0, 1),
(1390, 93, 3, 2020, '2020-04-12 00:00:00', 23, 800, 800, 0, 0, 0, 1),
(1389, 93, 2, 2020, '2020-04-12 00:00:00', 23, 800, 300, 500, 0, 0, 1),
(1388, 93, 1, 2020, '2020-04-12 00:00:00', 23, 800, 300, 500, 0, 0, 1),
(1089, 2, 1, 2020, '2020-01-31 00:00:00', 7, 2200, 2200, 0, 0, 0, 1),
(1090, 2, 2, 2020, '0000-00-00 00:00:00', 7, 2200, 0, 0, 0, 0, 0),
(1091, 2, 3, 2020, '0000-00-00 00:00:00', 7, 2200, 0, 0, 0, 0, 0),
(1092, 2, 4, 2020, '0000-00-00 00:00:00', 7, 2200, 0, 0, 0, 0, 0),
(1093, 2, 5, 2020, '0000-00-00 00:00:00', 7, 2200, 0, 0, 0, 0, 0),
(1094, 2, 6, 2020, '0000-00-00 00:00:00', 7, 2200, 0, 0, 0, 0, 0),
(1095, 2, 7, 2020, '0000-00-00 00:00:00', 7, 2200, 0, 0, 0, 0, 0),
(1096, 2, 8, 2020, '0000-00-00 00:00:00', 7, 2200, 0, 0, 0, 0, 0),
(1097, 2, 9, 2020, '0000-00-00 00:00:00', 7, 2200, 0, 0, 0, 0, 0),
(1098, 2, 10, 2020, '0000-00-00 00:00:00', 7, 2200, 0, 0, 0, 0, 0),
(1099, 2, 11, 2020, '0000-00-00 00:00:00', 7, 2200, 0, 0, 0, 0, 0),
(1100, 2, 12, 2020, '0000-00-00 00:00:00', 7, 2200, 0, 0, 0, 0, 0),
(1101, 38, 1, 2020, '2020-01-31 00:00:00', 6, 1550, 1550, 0, 0, 0, 1),
(1102, 38, 2, 2020, '2020-02-29 00:00:00', 6, 1800, 1800, 0, 0, 0, 1),
(1103, 38, 3, 2020, '2020-03-16 00:00:00', 6, 1800, 1800, 0, 0, 0, 1),
(1104, 38, 4, 2020, '0000-00-00 00:00:00', 6, 1800, 0, 0, 0, 0, 0),
(1105, 38, 5, 2020, '0000-00-00 00:00:00', 6, 1800, 0, 0, 0, 0, 0),
(1106, 38, 6, 2020, '0000-00-00 00:00:00', 6, 1800, 0, 0, 0, 0, 0),
(1107, 38, 7, 2020, '0000-00-00 00:00:00', 6, 1800, 0, 0, 0, 0, 0),
(1108, 38, 8, 2020, '0000-00-00 00:00:00', 6, 1800, 0, 0, 0, 0, 0),
(1109, 38, 9, 2020, '0000-00-00 00:00:00', 6, 1800, 0, 0, 0, 0, 0),
(1110, 38, 10, 2020, '0000-00-00 00:00:00', 6, 1800, 0, 0, 0, 0, 0),
(1111, 38, 11, 2020, '0000-00-00 00:00:00', 6, 1800, 0, 0, 0, 0, 0),
(1112, 38, 12, 2020, '0000-00-00 00:00:00', 6, 1800, 0, 0, 0, 0, 0),
(1113, 76, 1, 2020, '2020-01-31 00:00:00', 7, 2200, 2200, 0, 0, 0, 1),
(1114, 76, 2, 2020, '2020-02-15 00:00:00', 7, 2200, 2200, 0, 0, 0, 1),
(1115, 76, 3, 2020, '2020-03-11 00:00:00', 7, 2200, 2200, 0, 0, 0, 1),
(1116, 76, 4, 2020, '0000-00-00 00:00:00', 7, 2200, 0, 0, 0, 0, 0),
(1117, 76, 5, 2020, '0000-00-00 00:00:00', 7, 2200, 0, 0, 0, 0, 0),
(1118, 76, 6, 2020, '0000-00-00 00:00:00', 7, 2200, 0, 0, 0, 0, 0),
(1119, 76, 7, 2020, '0000-00-00 00:00:00', 7, 2200, 0, 0, 0, 0, 0),
(1120, 76, 8, 2020, '0000-00-00 00:00:00', 7, 2200, 0, 0, 0, 0, 0),
(1121, 76, 9, 2020, '0000-00-00 00:00:00', 7, 2200, 0, 0, 0, 0, 0),
(1122, 76, 10, 2020, '0000-00-00 00:00:00', 7, 2200, 0, 0, 0, 0, 0),
(1123, 76, 11, 2020, '0000-00-00 00:00:00', 7, 2200, 0, 0, 0, 0, 0),
(1124, 76, 12, 2020, '0000-00-00 00:00:00', 7, 2200, 0, 0, 0, 0, 0),
(1125, 18, 1, 2020, '2020-01-31 00:00:00', 23, 800, 800, 0, 0, 0, 1),
(1126, 18, 2, 2020, '0000-00-00 00:00:00', 23, 800, 0, 0, 0, 0, 0),
(1127, 18, 3, 2020, '0000-00-00 00:00:00', 23, 800, 0, 0, 0, 0, 0),
(1128, 18, 4, 2020, '0000-00-00 00:00:00', 23, 800, 0, 0, 0, 0, 0),
(1129, 18, 5, 2020, '0000-00-00 00:00:00', 23, 800, 0, 0, 0, 0, 0),
(1130, 18, 6, 2020, '0000-00-00 00:00:00', 23, 800, 0, 0, 0, 0, 0),
(1131, 18, 7, 2020, '0000-00-00 00:00:00', 23, 800, 0, 0, 0, 0, 0),
(1132, 18, 8, 2020, '0000-00-00 00:00:00', 23, 800, 0, 0, 0, 0, 0),
(1133, 18, 9, 2020, '0000-00-00 00:00:00', 23, 800, 0, 0, 0, 0, 0),
(1134, 18, 10, 2020, '0000-00-00 00:00:00', 23, 800, 0, 0, 0, 0, 0),
(1135, 18, 11, 2020, '0000-00-00 00:00:00', 23, 800, 0, 0, 0, 0, 0),
(1136, 18, 12, 2020, '0000-00-00 00:00:00', 23, 800, 0, 0, 0, 0, 0),
(1137, 40, 1, 2020, '2020-02-19 00:00:00', 6, 1800, 1800, 0, 0, 0, 1),
(1138, 40, 2, 2020, '2020-02-19 00:00:00', 6, 1800, 1800, 0, 0, 0, 1),
(1139, 40, 3, 2020, '2020-03-16 00:00:00', 6, 1800, 1800, 0, 0, 0, 1),
(1140, 40, 4, 2020, '0000-00-00 00:00:00', 6, 1800, 0, 0, 0, 0, 0),
(1141, 40, 5, 2020, '0000-00-00 00:00:00', 6, 1800, 0, 0, 0, 0, 0),
(1142, 40, 6, 2020, '0000-00-00 00:00:00', 6, 1800, 0, 0, 0, 0, 0),
(1143, 40, 7, 2020, '0000-00-00 00:00:00', 6, 1800, 0, 0, 0, 0, 0),
(1144, 40, 8, 2020, '0000-00-00 00:00:00', 6, 1800, 0, 0, 0, 0, 0),
(1145, 40, 9, 2020, '0000-00-00 00:00:00', 6, 1800, 0, 0, 0, 0, 0),
(1146, 40, 10, 2020, '0000-00-00 00:00:00', 6, 1800, 0, 0, 0, 0, 0),
(1147, 40, 11, 2020, '0000-00-00 00:00:00', 6, 1800, 0, 0, 0, 0, 0),
(1148, 40, 12, 2020, '0000-00-00 00:00:00', 6, 1800, 0, 0, 0, 0, 0),
(1149, 13, 1, 2020, '2020-02-02 00:00:00', 7, 2200, 1650, 550, 0, 0, 1),
(1150, 13, 2, 2020, '2020-02-17 00:00:00', 7, 2200, 1650, 550, 0, 0, 1),
(1151, 13, 3, 2020, '2020-03-10 00:00:00', 7, 2200, 2200, 0, 0, 0, 1),
(1152, 13, 4, 2020, '2020-04-09 00:00:00', 7, 2200, 400, 1800, 0, 0, 1),
(1153, 13, 5, 2020, '0000-00-00 00:00:00', 7, 2200, 0, 0, 0, 0, 0),
(1154, 13, 6, 2020, '0000-00-00 00:00:00', 7, 2200, 0, 0, 0, 0, 0),
(1155, 13, 7, 2020, '0000-00-00 00:00:00', 7, 2200, 0, 0, 0, 0, 0),
(1156, 13, 8, 2020, '0000-00-00 00:00:00', 7, 2200, 0, 0, 0, 0, 0),
(1157, 13, 9, 2020, '0000-00-00 00:00:00', 7, 2200, 0, 0, 0, 0, 0),
(1158, 13, 10, 2020, '0000-00-00 00:00:00', 7, 2200, 0, 0, 0, 0, 0),
(1159, 13, 11, 2020, '0000-00-00 00:00:00', 7, 2200, 0, 0, 0, 0, 0),
(1160, 13, 12, 2020, '0000-00-00 00:00:00', 7, 2200, 0, 0, 0, 0, 0),
(1161, 37, 1, 2020, '2020-03-16 00:00:00', 6, 1800, 1800, 0, 0, 0, 1),
(1162, 37, 2, 2020, '2020-03-16 00:00:00', 6, 1800, 1800, 0, 0, 0, 1),
(1163, 37, 3, 2020, '0000-00-00 00:00:00', 6, 1800, 0, 0, 0, 0, 0),
(1164, 37, 4, 2020, '0000-00-00 00:00:00', 6, 1800, 0, 0, 0, 0, 0),
(1165, 37, 5, 2020, '0000-00-00 00:00:00', 6, 1800, 0, 0, 0, 0, 0),
(1166, 37, 6, 2020, '0000-00-00 00:00:00', 6, 1800, 0, 0, 0, 0, 0),
(1167, 37, 7, 2020, '0000-00-00 00:00:00', 6, 1800, 0, 0, 0, 0, 0),
(1168, 37, 8, 2020, '0000-00-00 00:00:00', 6, 1800, 0, 0, 0, 0, 0),
(1169, 37, 9, 2020, '0000-00-00 00:00:00', 6, 1800, 0, 0, 0, 0, 0),
(1170, 37, 10, 2020, '0000-00-00 00:00:00', 6, 1800, 0, 0, 0, 0, 0),
(1171, 37, 11, 2020, '0000-00-00 00:00:00', 6, 1800, 0, 0, 0, 0, 0),
(1172, 37, 12, 2020, '0000-00-00 00:00:00', 6, 1800, 0, 0, 0, 0, 0),
(1627, 89, 3, 2020, '0000-00-00 00:00:00', 3, 1200, 0, 0, 0, 0, 0),
(1626, 89, 2, 2020, '0000-00-00 00:00:00', 3, 1200, 0, 0, 0, 0, 0),
(1625, 89, 1, 2020, '2020-04-16 00:00:00', 3, 1200, 900, 300, 0, 0, 1),
(1405, 85, 6, 2020, '2020-04-15 00:00:00', 5, 1700, 850, 850, 0, 0, 1),
(1404, 85, 5, 2020, '2020-04-15 00:00:00', 5, 1700, 1700, 0, 0, 0, 1),
(1403, 85, 4, 2020, '2020-04-15 00:00:00', 5, 1700, 1700, 0, 0, 0, 1),
(1402, 85, 3, 2020, '2020-04-15 00:00:00', 5, 1700, 1500, 200, 0, 0, 1),
(1401, 85, 2, 2020, '2020-04-12 00:00:00', 5, 1700, 1450, 250, 0, 0, 1),
(1400, 85, 1, 2020, '2020-04-12 00:00:00', 5, 1700, 1700, 0, 0, 0, 1),
(1399, 93, 12, 2020, '0000-00-00 00:00:00', 23, 800, 0, 0, 0, 0, 0),
(1398, 93, 11, 2020, '0000-00-00 00:00:00', 23, 800, 0, 0, 0, 0, 0),
(1397, 93, 10, 2020, '0000-00-00 00:00:00', 23, 800, 0, 0, 0, 0, 0),
(1185, 67, 1, 2020, '2020-02-05 00:00:00', 4, 1000, 1000, 0, 0, 0, 1),
(1186, 67, 2, 2020, '2020-04-15 00:00:00', 4, 1500, 1500, 0, 0, 0, 1),
(1187, 67, 3, 2020, '2020-04-15 00:00:00', 4, 1500, 1500, 0, 0, 0, 1),
(1188, 67, 4, 2020, '2020-04-15 00:00:00', 4, 1500, 750, 750, 0, 0, 1),
(1189, 67, 5, 2020, '0000-00-00 00:00:00', 4, 1500, 0, 0, 0, 0, 0),
(1190, 67, 6, 2020, '0000-00-00 00:00:00', 4, 1500, 0, 0, 0, 0, 0),
(1191, 67, 7, 2020, '0000-00-00 00:00:00', 4, 1500, 0, 0, 0, 0, 0),
(1192, 67, 8, 2020, '0000-00-00 00:00:00', 4, 1500, 0, 0, 0, 0, 0),
(1193, 67, 9, 2020, '0000-00-00 00:00:00', 4, 1500, 0, 0, 0, 0, 0),
(1194, 67, 10, 2020, '0000-00-00 00:00:00', 4, 1500, 0, 0, 0, 0, 0),
(1195, 67, 11, 2020, '0000-00-00 00:00:00', 4, 1500, 0, 0, 0, 0, 0),
(1196, 67, 12, 2020, '0000-00-00 00:00:00', 4, 1500, 0, 0, 0, 0, 0),
(1197, 77, 1, 2020, '2020-02-05 00:00:00', 3, 900, 900, 0, 0, 0, 1),
(1198, 77, 2, 2020, '2020-04-12 00:00:00', 3, 0, 0, 0, 0, 0, 1),
(1199, 77, 3, 2020, '2020-04-12 00:00:00', 3, 0, 0, 0, 0, 0, 1),
(1200, 77, 4, 2020, '2020-04-12 00:00:00', 3, 0, 0, 0, 0, 0, 1),
(1201, 77, 5, 2020, '0000-00-00 00:00:00', 3, 0, 0, 0, 0, 0, 0),
(1202, 77, 6, 2020, '0000-00-00 00:00:00', 3, 0, 0, 0, 0, 0, 0),
(1203, 77, 7, 2020, '0000-00-00 00:00:00', 3, 0, 0, 0, 0, 0, 0),
(1204, 77, 8, 2020, '0000-00-00 00:00:00', 3, 0, 0, 0, 0, 0, 0),
(1205, 77, 9, 2020, '0000-00-00 00:00:00', 3, 0, 0, 0, 0, 0, 0),
(1206, 77, 10, 2020, '0000-00-00 00:00:00', 3, 0, 0, 0, 0, 0, 0),
(1207, 77, 11, 2020, '0000-00-00 00:00:00', 3, 0, 0, 0, 0, 0, 0),
(1208, 77, 12, 2020, '0000-00-00 00:00:00', 3, 0, 0, 0, 0, 0, 0),
(1209, 47, 1, 2020, '2020-02-06 00:00:00', 6, 1800, 1500, 300, 0, 0, 1),
(1210, 47, 2, 2020, '2020-02-06 00:00:00', 6, 1800, 1800, 0, 0, 0, 1),
(1211, 47, 3, 2020, '2020-03-08 00:00:00', 6, 1800, 1800, 0, 0, 0, 1),
(1212, 47, 4, 2020, '2020-04-06 00:00:00', 6, 1800, 900, 900, 0, 0, 1),
(1213, 47, 5, 2020, '0000-00-00 00:00:00', 6, 1800, 0, 0, 0, 0, 0),
(1214, 47, 6, 2020, '0000-00-00 00:00:00', 6, 1800, 0, 0, 0, 0, 0),
(1215, 47, 7, 2020, '0000-00-00 00:00:00', 6, 1800, 0, 0, 0, 0, 0),
(1216, 47, 8, 2020, '0000-00-00 00:00:00', 6, 1800, 0, 0, 0, 0, 0),
(1217, 47, 9, 2020, '0000-00-00 00:00:00', 6, 1800, 0, 0, 0, 0, 0),
(1218, 47, 10, 2020, '0000-00-00 00:00:00', 6, 1800, 0, 0, 0, 0, 0),
(1219, 47, 11, 2020, '0000-00-00 00:00:00', 6, 1800, 0, 0, 0, 0, 0),
(1220, 47, 12, 2020, '0000-00-00 00:00:00', 6, 1800, 0, 0, 0, 0, 0),
(1221, 9, 1, 2020, '2020-02-21 00:00:00', 7, 2200, 2200, 0, 0, 0, 1),
(1222, 9, 2, 2020, '2020-02-15 00:00:00', 7, 2200, 2200, 0, 0, 0, 1),
(1223, 9, 3, 2020, '0000-00-00 00:00:00', 7, 2200, 0, 0, 0, 0, 0),
(1224, 9, 4, 2020, '2020-04-07 00:00:00', 7, 2200, 1100, 1100, 0, 0, 1),
(1225, 9, 5, 2020, '0000-00-00 00:00:00', 7, 2200, 0, 0, 0, 0, 0),
(1226, 9, 6, 2020, '0000-00-00 00:00:00', 7, 2200, 0, 0, 0, 0, 0),
(1227, 9, 7, 2020, '0000-00-00 00:00:00', 7, 2200, 0, 0, 0, 0, 0),
(1228, 9, 8, 2020, '0000-00-00 00:00:00', 7, 2200, 0, 0, 0, 0, 0),
(1229, 9, 9, 2020, '0000-00-00 00:00:00', 7, 2200, 0, 0, 0, 0, 0),
(1230, 9, 10, 2020, '0000-00-00 00:00:00', 7, 2200, 0, 0, 0, 0, 0),
(1231, 9, 11, 2020, '0000-00-00 00:00:00', 7, 2200, 0, 0, 0, 0, 0),
(1232, 9, 12, 2020, '0000-00-00 00:00:00', 7, 2200, 0, 0, 0, 0, 0),
(1233, 36, 1, 2020, '2020-04-12 00:00:00', 7, 800, 300, 500, 0, 0, 1),
(1234, 36, 2, 2020, '2020-04-12 00:00:00', 7, 800, 300, 500, 0, 0, 1),
(1235, 36, 3, 2020, '2020-04-12 00:00:00', 7, 800, 800, 0, 0, 0, 1),
(1236, 36, 4, 2020, '2020-04-12 00:00:00', 7, 800, 400, 400, 0, 0, 1),
(1237, 36, 5, 2020, '0000-00-00 00:00:00', 7, 800, 0, 0, 0, 0, 0),
(1238, 36, 6, 2020, '0000-00-00 00:00:00', 7, 800, 0, 0, 0, 0, 0),
(1239, 36, 7, 2020, '0000-00-00 00:00:00', 7, 800, 0, 0, 0, 0, 0),
(1240, 36, 8, 2020, '0000-00-00 00:00:00', 7, 800, 0, 0, 0, 0, 0),
(1241, 36, 9, 2020, '0000-00-00 00:00:00', 7, 800, 0, 0, 0, 0, 0),
(1242, 36, 10, 2020, '0000-00-00 00:00:00', 7, 800, 0, 0, 0, 0, 0),
(1243, 36, 11, 2020, '0000-00-00 00:00:00', 7, 800, 0, 0, 0, 0, 0),
(1244, 36, 12, 2020, '0000-00-00 00:00:00', 7, 800, 0, 0, 0, 0, 0),
(1245, 39, 1, 2020, '2020-02-17 00:00:00', 6, 1800, 1800, 0, 0, 0, 1),
(1246, 39, 2, 2020, '2020-02-17 00:00:00', 6, 1800, 700, 1100, 0, 0, 1),
(1247, 39, 3, 2020, '2020-03-10 00:00:00', 6, 1800, 1800, 0, 0, 0, 1),
(1248, 39, 4, 2020, '2020-04-09 00:00:00', 6, 1800, 700, 1100, 0, 0, 1),
(1249, 39, 5, 2020, '0000-00-00 00:00:00', 6, 2200, 0, 0, 0, 0, 0),
(1250, 39, 6, 2020, '0000-00-00 00:00:00', 6, 2200, 0, 0, 0, 0, 0),
(1251, 39, 7, 2020, '0000-00-00 00:00:00', 6, 2200, 0, 0, 0, 0, 0),
(1252, 39, 8, 2020, '0000-00-00 00:00:00', 6, 2200, 0, 0, 0, 0, 0),
(1253, 39, 9, 2020, '0000-00-00 00:00:00', 6, 2200, 0, 0, 0, 0, 0),
(1254, 39, 10, 2020, '0000-00-00 00:00:00', 6, 2200, 0, 0, 0, 0, 0),
(1255, 39, 11, 2020, '0000-00-00 00:00:00', 6, 2200, 0, 0, 0, 0, 0),
(1256, 39, 12, 2020, '0000-00-00 00:00:00', 6, 2200, 0, 0, 0, 0, 0),
(1257, 21, 1, 2020, '2020-02-20 00:00:00', 7, 2200, 2200, 0, 0, 0, 1),
(1258, 21, 2, 2020, '2020-02-20 00:00:00', 7, 2200, 2200, 0, 0, 0, 1),
(1259, 21, 3, 2020, '2020-04-06 00:00:00', 7, 2200, 1100, 1100, 0, 0, 1),
(1260, 21, 4, 2020, '2020-04-06 00:00:00', 7, 2200, 1100, 1100, 0, 0, 1),
(1261, 21, 5, 2020, '0000-00-00 00:00:00', 7, 2200, 0, 0, 0, 0, 0),
(1262, 21, 6, 2020, '0000-00-00 00:00:00', 7, 2200, 0, 0, 0, 0, 0),
(1263, 21, 7, 2020, '0000-00-00 00:00:00', 7, 2200, 0, 0, 0, 0, 0),
(1264, 21, 8, 2020, '0000-00-00 00:00:00', 7, 2200, 0, 0, 0, 0, 0),
(1265, 21, 9, 2020, '0000-00-00 00:00:00', 7, 2200, 0, 0, 0, 0, 0),
(1266, 21, 10, 2020, '0000-00-00 00:00:00', 7, 2200, 0, 0, 0, 0, 0),
(1267, 21, 11, 2020, '0000-00-00 00:00:00', 7, 2200, 0, 0, 0, 0, 0),
(1268, 21, 12, 2020, '0000-00-00 00:00:00', 7, 2200, 0, 0, 0, 0, 0),
(1269, 19, 1, 2020, '2020-03-16 00:00:00', 7, 2200, 2200, 0, 0, 0, 1),
(1270, 19, 2, 2020, '0000-00-00 00:00:00', 7, 2200, 0, 0, 0, 0, 0),
(1271, 19, 3, 2020, '0000-00-00 00:00:00', 7, 2200, 0, 0, 0, 0, 0),
(1272, 19, 4, 2020, '0000-00-00 00:00:00', 7, 2200, 0, 0, 0, 0, 0),
(1273, 19, 5, 2020, '0000-00-00 00:00:00', 7, 2200, 0, 0, 0, 0, 0),
(1274, 19, 6, 2020, '0000-00-00 00:00:00', 7, 2200, 0, 0, 0, 0, 0),
(1275, 19, 7, 2020, '0000-00-00 00:00:00', 7, 2200, 0, 0, 0, 0, 0),
(1276, 19, 8, 2020, '0000-00-00 00:00:00', 7, 2200, 0, 0, 0, 0, 0),
(1277, 19, 9, 2020, '0000-00-00 00:00:00', 7, 2200, 0, 0, 0, 0, 0),
(1278, 19, 10, 2020, '0000-00-00 00:00:00', 7, 2200, 0, 0, 0, 0, 0),
(1279, 19, 11, 2020, '0000-00-00 00:00:00', 7, 2200, 0, 0, 0, 0, 0),
(1280, 19, 12, 2020, '0000-00-00 00:00:00', 7, 2200, 0, 0, 0, 0, 0),
(1281, 10, 1, 2020, '2020-02-20 00:00:00', 19, 0, 0, 0, 0, 0, 1),
(1282, 10, 2, 2020, '2020-02-20 00:00:00', 19, 0, 0, 0, 0, 0, 1),
(1283, 10, 3, 2020, '2020-02-20 00:00:00', 19, 0, 0, 0, 0, 0, 1),
(1284, 10, 4, 2020, '2020-04-12 00:00:00', 19, 0, 0, 0, 0, 0, 1),
(1285, 10, 5, 2020, '0000-00-00 00:00:00', 19, 0, 0, 0, 0, 0, 0),
(1286, 10, 6, 2020, '0000-00-00 00:00:00', 19, 0, 0, 0, 0, 0, 0),
(1287, 10, 7, 2020, '0000-00-00 00:00:00', 19, 0, 0, 0, 0, 0, 0),
(1288, 10, 8, 2020, '0000-00-00 00:00:00', 19, 0, 0, 0, 0, 0, 0),
(1289, 10, 9, 2020, '0000-00-00 00:00:00', 19, 0, 0, 0, 0, 0, 0),
(1290, 10, 10, 2020, '0000-00-00 00:00:00', 19, 0, 0, 0, 0, 0, 0),
(1291, 10, 11, 2020, '0000-00-00 00:00:00', 19, 0, 0, 0, 0, 0, 0),
(1292, 10, 12, 2020, '0000-00-00 00:00:00', 19, 0, 0, 0, 0, 0, 0),
(1293, 23, 1, 2020, '2020-02-20 00:00:00', 19, 0, 0, 0, 0, 0, 1),
(1294, 23, 2, 2020, '2020-02-20 00:00:00', 19, 0, 0, 0, 0, 0, 1),
(1295, 23, 3, 2020, '2020-02-20 00:00:00', 19, 0, 0, 0, 0, 0, 1),
(1296, 23, 4, 2020, '2020-04-12 00:00:00', 19, 0, 0, 0, 0, 0, 1),
(1297, 23, 5, 2020, '0000-00-00 00:00:00', 19, 0, 0, 0, 0, 0, 0),
(1298, 23, 6, 2020, '0000-00-00 00:00:00', 19, 0, 0, 0, 0, 0, 0),
(1299, 23, 7, 2020, '0000-00-00 00:00:00', 19, 0, 0, 0, 0, 0, 0),
(1300, 23, 8, 2020, '0000-00-00 00:00:00', 19, 0, 0, 0, 0, 0, 0),
(1301, 23, 9, 2020, '0000-00-00 00:00:00', 19, 0, 0, 0, 0, 0, 0),
(1302, 23, 10, 2020, '0000-00-00 00:00:00', 19, 0, 0, 0, 0, 0, 0),
(1303, 23, 11, 2020, '0000-00-00 00:00:00', 19, 0, 0, 0, 0, 0, 0),
(1304, 23, 12, 2020, '0000-00-00 00:00:00', 19, 0, 0, 0, 0, 0, 0),
(1305, 35, 1, 2020, '0000-00-00 00:00:00', 7, 2200, 0, 0, 0, 0, 0),
(1306, 35, 2, 2020, '0000-00-00 00:00:00', 7, 2200, 0, 0, 0, 0, 0),
(1307, 35, 3, 2020, '0000-00-00 00:00:00', 7, 2200, 0, 0, 0, 0, 0),
(1308, 35, 4, 2020, '0000-00-00 00:00:00', 7, 2200, 0, 0, 0, 0, 0),
(1309, 35, 5, 2020, '0000-00-00 00:00:00', 7, 2200, 0, 0, 0, 0, 0),
(1310, 35, 6, 2020, '0000-00-00 00:00:00', 7, 2200, 0, 0, 0, 0, 0),
(1311, 35, 7, 2020, '0000-00-00 00:00:00', 7, 2200, 0, 0, 0, 0, 0),
(1312, 35, 8, 2020, '0000-00-00 00:00:00', 7, 2200, 0, 0, 0, 0, 0),
(1313, 35, 9, 2020, '0000-00-00 00:00:00', 7, 2200, 0, 0, 0, 0, 0),
(1314, 35, 10, 2020, '0000-00-00 00:00:00', 7, 2200, 0, 0, 0, 0, 0),
(1315, 35, 11, 2020, '0000-00-00 00:00:00', 7, 2200, 0, 0, 0, 0, 0),
(1316, 35, 12, 2020, '0000-00-00 00:00:00', 7, 2200, 0, 0, 0, 0, 0),
(1317, 45, 1, 2020, '2020-03-10 00:00:00', 6, 1800, 1800, 0, 0, 0, 1),
(1318, 45, 2, 2020, '2020-03-10 00:00:00', 6, 1800, 1800, 0, 0, 0, 1),
(1319, 45, 3, 2020, '2020-03-10 00:00:00', 6, 1800, 1800, 0, 0, 0, 1),
(1320, 45, 4, 2020, '0000-00-00 00:00:00', 6, 1800, 0, 0, 0, 0, 0),
(1321, 45, 5, 2020, '0000-00-00 00:00:00', 6, 1800, 0, 0, 0, 0, 0),
(1322, 45, 6, 2020, '0000-00-00 00:00:00', 6, 1800, 0, 0, 0, 0, 0),
(1323, 45, 7, 2020, '0000-00-00 00:00:00', 6, 1800, 0, 0, 0, 0, 0),
(1324, 45, 8, 2020, '0000-00-00 00:00:00', 6, 1800, 0, 0, 0, 0, 0),
(1325, 45, 9, 2020, '0000-00-00 00:00:00', 6, 1800, 0, 0, 0, 0, 0),
(1326, 45, 10, 2020, '0000-00-00 00:00:00', 6, 1800, 0, 0, 0, 0, 0),
(1327, 45, 11, 2020, '0000-00-00 00:00:00', 6, 1800, 0, 0, 0, 0, 0),
(1328, 45, 12, 2020, '0000-00-00 00:00:00', 6, 1800, 0, 0, 0, 0, 0),
(1329, 56, 1, 2020, '2020-03-08 00:00:00', 6, 1800, 1800, 0, 0, 0, 1),
(1330, 56, 2, 2020, '0000-00-00 00:00:00', 6, 1800, 0, 0, 0, 0, 0),
(1331, 56, 3, 2020, '0000-00-00 00:00:00', 6, 1800, 0, 0, 0, 0, 0),
(1332, 56, 4, 2020, '0000-00-00 00:00:00', 6, 1800, 0, 0, 0, 0, 0),
(1333, 56, 5, 2020, '0000-00-00 00:00:00', 6, 1800, 0, 0, 0, 0, 0),
(1334, 56, 6, 2020, '0000-00-00 00:00:00', 6, 1800, 0, 0, 0, 0, 0),
(1335, 56, 7, 2020, '0000-00-00 00:00:00', 6, 1800, 0, 0, 0, 0, 0),
(1336, 56, 8, 2020, '0000-00-00 00:00:00', 6, 1800, 0, 0, 0, 0, 0),
(1337, 56, 9, 2020, '0000-00-00 00:00:00', 6, 1800, 0, 0, 0, 0, 0),
(1338, 56, 10, 2020, '0000-00-00 00:00:00', 6, 1800, 0, 0, 0, 0, 0),
(1339, 56, 11, 2020, '0000-00-00 00:00:00', 6, 1800, 0, 0, 0, 0, 0),
(1340, 56, 12, 2020, '0000-00-00 00:00:00', 6, 1800, 0, 0, 0, 0, 0),
(1341, 91, 2, 2020, '2020-03-08 00:00:00', 7, 2200, 2200, 0, 0, 0, 1),
(1342, 91, 3, 2020, '0000-00-00 00:00:00', 7, 2200, 0, 0, 0, 0, 0),
(1343, 91, 4, 2020, '0000-00-00 00:00:00', 7, 2200, 0, 0, 0, 0, 0),
(1344, 91, 5, 2020, '0000-00-00 00:00:00', 7, 2200, 0, 0, 0, 0, 0),
(1345, 91, 6, 2020, '0000-00-00 00:00:00', 7, 2200, 0, 0, 0, 0, 0),
(1346, 91, 7, 2020, '0000-00-00 00:00:00', 7, 2200, 0, 0, 0, 0, 0),
(1347, 91, 8, 2020, '0000-00-00 00:00:00', 7, 2200, 0, 0, 0, 0, 0),
(1348, 91, 9, 2020, '0000-00-00 00:00:00', 7, 2200, 0, 0, 0, 0, 0),
(1349, 91, 10, 2020, '0000-00-00 00:00:00', 7, 2200, 0, 0, 0, 0, 0),
(1350, 91, 11, 2020, '0000-00-00 00:00:00', 7, 2200, 0, 0, 0, 0, 0),
(1351, 91, 12, 2020, '0000-00-00 00:00:00', 7, 2200, 0, 0, 0, 0, 0),
(1352, 70, 1, 2020, '2020-04-15 00:00:00', 4, 1000, 1000, 0, 0, 0, 1),
(1353, 70, 2, 2020, '2020-04-15 00:00:00', 4, 1500, 1500, 0, 0, 0, 1),
(1354, 70, 3, 2020, '2020-04-15 00:00:00', 4, 1500, 1500, 0, 0, 0, 1),
(1355, 70, 4, 2020, '2020-04-15 00:00:00', 4, 1500, 750, 750, 0, 0, 1),
(1356, 70, 5, 2020, '0000-00-00 00:00:00', 4, 1500, 0, 0, 0, 0, 0),
(1357, 70, 6, 2020, '0000-00-00 00:00:00', 4, 1500, 0, 0, 0, 0, 0),
(1358, 70, 7, 2020, '0000-00-00 00:00:00', 4, 1500, 0, 0, 0, 0, 0),
(1359, 70, 8, 2020, '0000-00-00 00:00:00', 4, 1500, 0, 0, 0, 0, 0),
(1360, 70, 9, 2020, '0000-00-00 00:00:00', 4, 1500, 0, 0, 0, 0, 0),
(1361, 70, 10, 2020, '0000-00-00 00:00:00', 4, 1500, 0, 0, 0, 0, 0),
(1362, 70, 11, 2020, '0000-00-00 00:00:00', 4, 1500, 0, 0, 0, 0, 0),
(1363, 70, 12, 2020, '0000-00-00 00:00:00', 4, 1500, 0, 0, 0, 0, 0),
(1364, 79, 1, 2020, '0000-00-00 00:00:00', 3, 900, 0, 0, 0, 0, 0),
(1365, 79, 2, 2020, '0000-00-00 00:00:00', 3, 900, 0, 0, 0, 0, 0),
(1366, 79, 3, 2020, '0000-00-00 00:00:00', 3, 900, 0, 0, 0, 0, 0),
(1367, 79, 4, 2020, '0000-00-00 00:00:00', 3, 900, 0, 0, 0, 0, 0),
(1368, 79, 5, 2020, '0000-00-00 00:00:00', 3, 900, 0, 0, 0, 0, 0),
(1369, 79, 6, 2020, '0000-00-00 00:00:00', 3, 900, 0, 0, 0, 0, 0),
(1370, 79, 7, 2020, '0000-00-00 00:00:00', 3, 900, 0, 0, 0, 0, 0),
(1371, 79, 8, 2020, '0000-00-00 00:00:00', 3, 900, 0, 0, 0, 0, 0),
(1372, 79, 9, 2020, '0000-00-00 00:00:00', 3, 900, 0, 0, 0, 0, 0),
(1373, 79, 10, 2020, '0000-00-00 00:00:00', 3, 900, 0, 0, 0, 0, 0),
(1374, 79, 11, 2020, '0000-00-00 00:00:00', 3, 900, 0, 0, 0, 0, 0),
(1375, 79, 12, 2020, '0000-00-00 00:00:00', 3, 900, 0, 0, 0, 0, 0),
(1376, 60, 1, 2020, '2020-04-15 00:00:00', 5, 1100, 1100, 0, 0, 0, 1),
(1377, 60, 2, 2020, '2020-04-15 00:00:00', 5, 1700, 1700, 0, 0, 0, 1),
(1378, 60, 3, 2020, '2020-04-15 00:00:00', 5, 1700, 1700, 0, 0, 0, 1),
(1379, 60, 4, 2020, '0000-00-00 00:00:00', 5, 1700, 0, 0, 0, 0, 0),
(1380, 60, 5, 2020, '0000-00-00 00:00:00', 5, 1700, 0, 0, 0, 0, 0),
(1381, 60, 6, 2020, '0000-00-00 00:00:00', 5, 1700, 0, 0, 0, 0, 0),
(1382, 60, 7, 2020, '0000-00-00 00:00:00', 5, 1700, 0, 0, 0, 0, 0),
(1383, 60, 8, 2020, '0000-00-00 00:00:00', 5, 1700, 0, 0, 0, 0, 0),
(1384, 60, 9, 2020, '0000-00-00 00:00:00', 5, 1700, 0, 0, 0, 0, 0),
(1385, 60, 10, 2020, '0000-00-00 00:00:00', 5, 1700, 0, 0, 0, 0, 0),
(1386, 60, 11, 2020, '0000-00-00 00:00:00', 5, 1700, 0, 0, 0, 0, 0),
(1387, 60, 12, 2020, '0000-00-00 00:00:00', 5, 1700, 0, 0, 0, 0, 0),
(1406, 85, 7, 2020, '0000-00-00 00:00:00', 5, 1700, 0, 0, 0, 0, 0),
(1407, 85, 8, 2020, '0000-00-00 00:00:00', 5, 1700, 0, 0, 0, 0, 0),
(1408, 85, 9, 2020, '0000-00-00 00:00:00', 5, 1700, 0, 0, 0, 0, 0),
(1409, 85, 10, 2020, '0000-00-00 00:00:00', 5, 1700, 0, 0, 0, 0, 0),
(1410, 85, 11, 2020, '0000-00-00 00:00:00', 5, 1700, 0, 0, 0, 0, 0),
(1411, 85, 12, 2020, '0000-00-00 00:00:00', 5, 1700, 0, 0, 0, 0, 0),
(1412, 94, 1, 2020, '2020-04-12 00:00:00', 23, 800, 300, 500, 0, 0, 1),
(1413, 94, 2, 2020, '2020-04-12 00:00:00', 23, 800, 300, 500, 0, 0, 1),
(1414, 94, 3, 2020, '2020-04-12 00:00:00', 23, 800, 800, 0, 0, 0, 1),
(1415, 94, 4, 2020, '2020-04-12 00:00:00', 23, 800, 400, 400, 0, 0, 1),
(1416, 94, 5, 2020, '0000-00-00 00:00:00', 23, 800, 0, 0, 0, 0, 0),
(1417, 94, 6, 2020, '0000-00-00 00:00:00', 23, 800, 0, 0, 0, 0, 0),
(1418, 94, 7, 2020, '0000-00-00 00:00:00', 23, 800, 0, 0, 0, 0, 0),
(1419, 94, 8, 2020, '0000-00-00 00:00:00', 23, 800, 0, 0, 0, 0, 0),
(1420, 94, 9, 2020, '0000-00-00 00:00:00', 23, 800, 0, 0, 0, 0, 0),
(1421, 94, 10, 2020, '0000-00-00 00:00:00', 23, 800, 0, 0, 0, 0, 0),
(1422, 94, 11, 2020, '0000-00-00 00:00:00', 23, 800, 0, 0, 0, 0, 0),
(1423, 94, 12, 2020, '0000-00-00 00:00:00', 23, 800, 0, 0, 0, 0, 0),
(1424, 97, 1, 2020, '2020-04-12 00:00:00', 23, 800, 300, 500, 0, 0, 1),
(1425, 97, 2, 2020, '2020-04-12 00:00:00', 23, 800, 300, 500, 0, 0, 1),
(1426, 97, 3, 2020, '2020-04-12 00:00:00', 23, 800, 800, 0, 0, 0, 1),
(1427, 97, 4, 2020, '2020-04-12 00:00:00', 23, 800, 400, 400, 0, 0, 1),
(1428, 97, 5, 2020, '0000-00-00 00:00:00', 23, 800, 0, 0, 0, 0, 0),
(1429, 97, 6, 2020, '0000-00-00 00:00:00', 23, 800, 0, 0, 0, 0, 0),
(1430, 97, 7, 2020, '0000-00-00 00:00:00', 23, 800, 0, 0, 0, 0, 0),
(1431, 97, 8, 2020, '0000-00-00 00:00:00', 23, 800, 0, 0, 0, 0, 0),
(1432, 97, 9, 2020, '0000-00-00 00:00:00', 23, 800, 0, 0, 0, 0, 0),
(1433, 97, 10, 2020, '0000-00-00 00:00:00', 23, 800, 0, 0, 0, 0, 0),
(1434, 97, 11, 2020, '0000-00-00 00:00:00', 23, 800, 0, 0, 0, 0, 0),
(1435, 97, 12, 2020, '0000-00-00 00:00:00', 23, 800, 0, 0, 0, 0, 0),
(1436, 98, 1, 2020, '2020-04-12 00:00:00', 23, 800, 300, 500, 0, 0, 1),
(1437, 98, 2, 2020, '2020-04-12 00:00:00', 23, 800, 300, 500, 0, 0, 1),
(1438, 98, 3, 2020, '2020-04-12 00:00:00', 23, 800, 800, 0, 0, 0, 1),
(1439, 98, 4, 2020, '2020-04-12 00:00:00', 23, 800, 400, 400, 0, 0, 1),
(1440, 98, 5, 2020, '2020-04-12 00:00:00', 23, 800, 300, 500, 0, 0, 1),
(1441, 98, 6, 2020, '0000-00-00 00:00:00', 23, 800, 0, 0, 0, 0, 0),
(1442, 98, 7, 2020, '0000-00-00 00:00:00', 23, 800, 0, 0, 0, 0, 0),
(1443, 98, 8, 2020, '0000-00-00 00:00:00', 23, 800, 0, 0, 0, 0, 0),
(1444, 98, 9, 2020, '0000-00-00 00:00:00', 23, 800, 0, 0, 0, 0, 0),
(1445, 98, 10, 2020, '0000-00-00 00:00:00', 23, 800, 0, 0, 0, 0, 0),
(1446, 98, 11, 2020, '0000-00-00 00:00:00', 23, 800, 0, 0, 0, 0, 0),
(1447, 98, 12, 2020, '0000-00-00 00:00:00', 23, 800, 0, 0, 0, 0, 0),
(1448, 99, 1, 2020, '2020-04-12 00:00:00', 23, 800, 300, 500, 0, 0, 1),
(1449, 99, 2, 2020, '2020-04-12 00:00:00', 23, 800, 300, 500, 0, 0, 1),
(1450, 99, 3, 2020, '2020-04-12 00:00:00', 23, 800, 800, 0, 0, 0, 1),
(1451, 99, 4, 2020, '2020-04-12 00:00:00', 23, 800, 400, 400, 0, 0, 1),
(1452, 99, 5, 2020, '0000-00-00 00:00:00', 23, 800, 0, 0, 0, 0, 0),
(1453, 99, 6, 2020, '0000-00-00 00:00:00', 23, 800, 0, 0, 0, 0, 0),
(1454, 99, 7, 2020, '0000-00-00 00:00:00', 23, 800, 0, 0, 0, 0, 0),
(1455, 99, 8, 2020, '0000-00-00 00:00:00', 23, 800, 0, 0, 0, 0, 0),
(1456, 99, 9, 2020, '0000-00-00 00:00:00', 23, 800, 0, 0, 0, 0, 0),
(1457, 99, 10, 2020, '0000-00-00 00:00:00', 23, 800, 0, 0, 0, 0, 0),
(1458, 99, 11, 2020, '0000-00-00 00:00:00', 23, 800, 0, 0, 0, 0, 0),
(1459, 99, 12, 2020, '0000-00-00 00:00:00', 23, 800, 0, 0, 0, 0, 0),
(1460, 103, 1, 2020, '2020-04-12 00:00:00', 23, 800, 300, 500, 0, 0, 1),
(1461, 103, 2, 2020, '2020-04-12 00:00:00', 23, 800, 300, 500, 0, 0, 1),
(1462, 103, 3, 2020, '2020-04-12 00:00:00', 23, 800, 800, 0, 0, 0, 1),
(1463, 103, 4, 2020, '0000-00-00 00:00:00', 23, 800, 0, 0, 0, 0, 0),
(1464, 103, 5, 2020, '0000-00-00 00:00:00', 23, 800, 0, 0, 0, 0, 0),
(1465, 103, 6, 2020, '0000-00-00 00:00:00', 23, 800, 0, 0, 0, 0, 0),
(1466, 103, 7, 2020, '0000-00-00 00:00:00', 23, 800, 0, 0, 0, 0, 0),
(1467, 103, 8, 2020, '0000-00-00 00:00:00', 23, 800, 0, 0, 0, 0, 0),
(1468, 103, 9, 2020, '0000-00-00 00:00:00', 23, 800, 0, 0, 0, 0, 0),
(1469, 103, 10, 2020, '0000-00-00 00:00:00', 23, 800, 0, 0, 0, 0, 0),
(1470, 103, 11, 2020, '0000-00-00 00:00:00', 23, 800, 0, 0, 0, 0, 0),
(1471, 103, 12, 2020, '0000-00-00 00:00:00', 23, 800, 0, 0, 0, 0, 0),
(1472, 95, 1, 2020, '2020-04-12 00:00:00', 23, 800, 300, 500, 0, 0, 1),
(1473, 95, 2, 2020, '2020-04-12 00:00:00', 23, 800, 300, 500, 0, 0, 1),
(1474, 95, 3, 2020, '2020-04-12 00:00:00', 23, 800, 800, 0, 0, 0, 1),
(1475, 95, 4, 2020, '0000-00-00 00:00:00', 23, 800, 0, 0, 0, 0, 0),
(1476, 95, 5, 2020, '0000-00-00 00:00:00', 23, 800, 0, 0, 0, 0, 0),
(1477, 95, 6, 2020, '0000-00-00 00:00:00', 23, 800, 0, 0, 0, 0, 0),
(1478, 95, 7, 2020, '0000-00-00 00:00:00', 23, 800, 0, 0, 0, 0, 0),
(1479, 95, 8, 2020, '0000-00-00 00:00:00', 23, 800, 0, 0, 0, 0, 0),
(1480, 95, 9, 2020, '0000-00-00 00:00:00', 23, 800, 0, 0, 0, 0, 0),
(1481, 95, 10, 2020, '0000-00-00 00:00:00', 23, 800, 0, 0, 0, 0, 0),
(1482, 95, 11, 2020, '0000-00-00 00:00:00', 23, 800, 0, 0, 0, 0, 0),
(1483, 95, 12, 2020, '0000-00-00 00:00:00', 23, 800, 0, 0, 0, 0, 0),
(1484, 100, 1, 2020, '2020-04-12 00:00:00', 23, 800, 300, 500, 0, 0, 1),
(1485, 100, 2, 2020, '2020-04-12 00:00:00', 23, 800, 300, 500, 0, 0, 1),
(1486, 100, 3, 2020, '2020-04-12 00:00:00', 23, 800, 800, 0, 0, 0, 1),
(1487, 100, 4, 2020, '0000-00-00 00:00:00', 23, 800, 0, 0, 0, 0, 0),
(1488, 100, 5, 2020, '0000-00-00 00:00:00', 23, 800, 0, 0, 0, 0, 0),
(1489, 100, 6, 2020, '0000-00-00 00:00:00', 23, 800, 0, 0, 0, 0, 0),
(1490, 100, 7, 2020, '0000-00-00 00:00:00', 23, 800, 0, 0, 0, 0, 0),
(1491, 100, 8, 2020, '0000-00-00 00:00:00', 23, 800, 0, 0, 0, 0, 0),
(1492, 100, 9, 2020, '0000-00-00 00:00:00', 23, 800, 0, 0, 0, 0, 0),
(1493, 100, 10, 2020, '0000-00-00 00:00:00', 23, 800, 0, 0, 0, 0, 0),
(1494, 100, 11, 2020, '0000-00-00 00:00:00', 23, 800, 0, 0, 0, 0, 0),
(1495, 100, 12, 2020, '0000-00-00 00:00:00', 23, 800, 0, 0, 0, 0, 0),
(1496, 96, 1, 2020, '2020-04-12 00:00:00', 23, 800, 300, 500, 0, 0, 1),
(1497, 96, 2, 2020, '2020-04-12 00:00:00', 23, 800, 300, 500, 0, 0, 1),
(1498, 96, 3, 2020, '2020-04-12 00:00:00', 23, 800, 800, 0, 0, 0, 1),
(1499, 96, 4, 2020, '2020-04-12 00:00:00', 23, 800, 400, 400, 0, 0, 1),
(1500, 96, 5, 2020, '0000-00-00 00:00:00', 23, 800, 0, 0, 0, 0, 0),
(1501, 96, 6, 2020, '0000-00-00 00:00:00', 23, 800, 0, 0, 0, 0, 0),
(1502, 96, 7, 2020, '0000-00-00 00:00:00', 23, 800, 0, 0, 0, 0, 0),
(1503, 96, 8, 2020, '0000-00-00 00:00:00', 23, 800, 0, 0, 0, 0, 0),
(1504, 96, 9, 2020, '0000-00-00 00:00:00', 23, 800, 0, 0, 0, 0, 0),
(1505, 96, 10, 2020, '0000-00-00 00:00:00', 23, 800, 0, 0, 0, 0, 0),
(1506, 96, 11, 2020, '0000-00-00 00:00:00', 23, 800, 0, 0, 0, 0, 0),
(1507, 96, 12, 2020, '0000-00-00 00:00:00', 23, 800, 0, 0, 0, 0, 0),
(1508, 104, 4, 2020, '2020-04-12 00:00:00', 23, 800, 400, 400, 0, 0, 1),
(1509, 104, 5, 2020, '0000-00-00 00:00:00', 23, 800, 0, 0, 0, 0, 0),
(1510, 104, 6, 2020, '0000-00-00 00:00:00', 23, 800, 0, 0, 0, 0, 0),
(1511, 104, 7, 2020, '0000-00-00 00:00:00', 23, 800, 0, 0, 0, 0, 0),
(1512, 104, 8, 2020, '0000-00-00 00:00:00', 23, 800, 0, 0, 0, 0, 0),
(1513, 104, 9, 2020, '0000-00-00 00:00:00', 23, 800, 0, 0, 0, 0, 0),
(1514, 104, 10, 2020, '0000-00-00 00:00:00', 23, 800, 0, 0, 0, 0, 0),
(1515, 104, 11, 2020, '0000-00-00 00:00:00', 23, 800, 0, 0, 0, 0, 0),
(1516, 104, 12, 2020, '0000-00-00 00:00:00', 23, 800, 0, 0, 0, 0, 0),
(1517, 7, 1, 2020, '0000-00-00 00:00:00', 19, 0, 0, 0, 0, 0, 0),
(1518, 7, 2, 2020, '0000-00-00 00:00:00', 19, 0, 0, 0, 0, 0, 0),
(1519, 7, 3, 2020, '0000-00-00 00:00:00', 19, 0, 0, 0, 0, 0, 0),
(1520, 7, 4, 2020, '0000-00-00 00:00:00', 19, 0, 0, 0, 0, 0, 0),
(1521, 7, 5, 2020, '0000-00-00 00:00:00', 19, 0, 0, 0, 0, 0, 0),
(1522, 7, 6, 2020, '0000-00-00 00:00:00', 19, 0, 0, 0, 0, 0, 0),
(1523, 7, 7, 2020, '0000-00-00 00:00:00', 19, 0, 0, 0, 0, 0, 0),
(1524, 7, 8, 2020, '0000-00-00 00:00:00', 19, 0, 0, 0, 0, 0, 0),
(1525, 7, 9, 2020, '0000-00-00 00:00:00', 19, 0, 0, 0, 0, 0, 0),
(1526, 7, 10, 2020, '0000-00-00 00:00:00', 19, 0, 0, 0, 0, 0, 0),
(1527, 7, 11, 2020, '0000-00-00 00:00:00', 19, 0, 0, 0, 0, 0, 0),
(1528, 7, 12, 2020, '0000-00-00 00:00:00', 19, 0, 0, 0, 0, 0, 0),
(1529, 87, 1, 2020, '2020-04-15 00:00:00', 4, 1500, 1000, 500, 0, 0, 1),
(1530, 87, 2, 2020, '2020-04-15 00:00:00', 4, 1500, 1500, 0, 0, 0, 1),
(1531, 87, 3, 2020, '0000-00-00 00:00:00', 4, 1500, 0, 0, 0, 0, 0),
(1532, 87, 4, 2020, '0000-00-00 00:00:00', 4, 1500, 0, 0, 0, 0, 0),
(1533, 87, 5, 2020, '0000-00-00 00:00:00', 4, 1500, 0, 0, 0, 0, 0),
(1534, 87, 6, 2020, '0000-00-00 00:00:00', 4, 1500, 0, 0, 0, 0, 0),
(1535, 87, 7, 2020, '0000-00-00 00:00:00', 4, 1500, 0, 0, 0, 0, 0),
(1536, 87, 8, 2020, '0000-00-00 00:00:00', 4, 1500, 0, 0, 0, 0, 0),
(1537, 87, 9, 2020, '0000-00-00 00:00:00', 4, 1500, 0, 0, 0, 0, 0),
(1538, 87, 10, 2020, '0000-00-00 00:00:00', 4, 1500, 0, 0, 0, 0, 0),
(1539, 87, 11, 2020, '0000-00-00 00:00:00', 4, 1500, 0, 0, 0, 0, 0),
(1540, 87, 12, 2020, '0000-00-00 00:00:00', 4, 1500, 0, 0, 0, 0, 0),
(1541, 68, 1, 2020, '2020-04-15 00:00:00', 4, 1500, 1350, 150, 0, 0, 1),
(1542, 68, 2, 2020, '2020-04-15 00:00:00', 4, 1500, 1500, 0, 0, 0, 1),
(1543, 68, 3, 2020, '2020-04-15 00:00:00', 4, 1500, 1500, 0, 0, 0, 1),
(1544, 68, 4, 2020, '2020-04-15 00:00:00', 4, 1500, 750, 750, 0, 0, 1),
(1545, 68, 5, 2020, '0000-00-00 00:00:00', 4, 1500, 0, 0, 0, 0, 0),
(1546, 68, 6, 2020, '0000-00-00 00:00:00', 4, 1500, 0, 0, 0, 0, 0),
(1547, 68, 7, 2020, '0000-00-00 00:00:00', 4, 1500, 0, 0, 0, 0, 0),
(1548, 68, 8, 2020, '0000-00-00 00:00:00', 4, 1500, 0, 0, 0, 0, 0),
(1549, 68, 9, 2020, '0000-00-00 00:00:00', 4, 1500, 0, 0, 0, 0, 0),
(1550, 68, 10, 2020, '0000-00-00 00:00:00', 4, 1500, 0, 0, 0, 0, 0),
(1551, 68, 11, 2020, '0000-00-00 00:00:00', 4, 1500, 0, 0, 0, 0, 0),
(1552, 68, 12, 2020, '0000-00-00 00:00:00', 4, 1500, 0, 0, 0, 0, 0),
(1553, 69, 1, 2020, '2020-04-15 00:00:00', 4, 1500, 1000, 500, 0, 0, 1),
(1554, 69, 2, 2020, '2020-04-15 00:00:00', 4, 1500, 1500, 0, 0, 0, 1),
(1555, 69, 3, 2020, '2020-04-15 00:00:00', 4, 1500, 1500, 0, 0, 0, 1),
(1556, 69, 4, 2020, '2020-04-15 00:00:00', 4, 1500, 750, 750, 0, 0, 1),
(1557, 69, 5, 2020, '0000-00-00 00:00:00', 4, 1500, 0, 0, 0, 0, 0),
(1558, 69, 6, 2020, '0000-00-00 00:00:00', 4, 1500, 0, 0, 0, 0, 0),
(1559, 69, 7, 2020, '0000-00-00 00:00:00', 4, 1500, 0, 0, 0, 0, 0),
(1560, 69, 8, 2020, '0000-00-00 00:00:00', 4, 1500, 0, 0, 0, 0, 0),
(1561, 69, 9, 2020, '0000-00-00 00:00:00', 4, 1500, 0, 0, 0, 0, 0),
(1562, 69, 10, 2020, '0000-00-00 00:00:00', 4, 1500, 0, 0, 0, 0, 0),
(1563, 69, 11, 2020, '0000-00-00 00:00:00', 4, 1500, 0, 0, 0, 0, 0),
(1564, 69, 12, 2020, '0000-00-00 00:00:00', 4, 1500, 0, 0, 0, 0, 0),
(1565, 58, 1, 2020, '2020-04-15 00:00:00', 5, 1700, 1450, 250, 0, 0, 1),
(1566, 58, 2, 2020, '2020-04-15 00:00:00', 5, 1700, 1700, 0, 0, 0, 1),
(1567, 58, 3, 2020, '2020-04-15 00:00:00', 5, 1700, 850, 850, 0, 0, 1),
(1568, 58, 4, 2020, '0000-00-00 00:00:00', 5, 1700, 0, 0, 0, 0, 0),
(1569, 58, 5, 2020, '0000-00-00 00:00:00', 5, 1700, 0, 0, 0, 0, 0),
(1570, 58, 6, 2020, '0000-00-00 00:00:00', 5, 1700, 0, 0, 0, 0, 0),
(1571, 58, 7, 2020, '0000-00-00 00:00:00', 5, 1700, 0, 0, 0, 0, 0),
(1572, 58, 8, 2020, '0000-00-00 00:00:00', 5, 1700, 0, 0, 0, 0, 0),
(1573, 58, 9, 2020, '0000-00-00 00:00:00', 5, 1700, 0, 0, 0, 0, 0),
(1574, 58, 10, 2020, '0000-00-00 00:00:00', 5, 1700, 0, 0, 0, 0, 0),
(1575, 58, 11, 2020, '0000-00-00 00:00:00', 5, 1700, 0, 0, 0, 0, 0),
(1576, 58, 12, 2020, '0000-00-00 00:00:00', 5, 1700, 0, 0, 0, 0, 0),
(1577, 61, 1, 2020, '2020-04-15 00:00:00', 5, 1700, 1450, 250, 0, 0, 1),
(1578, 61, 2, 2020, '2020-04-15 00:00:00', 5, 1700, 1700, 0, 0, 0, 1),
(1579, 61, 3, 2020, '0000-00-00 00:00:00', 5, 1700, 0, 0, 0, 0, 0),
(1580, 61, 4, 2020, '0000-00-00 00:00:00', 5, 1700, 0, 0, 0, 0, 0),
(1581, 61, 5, 2020, '0000-00-00 00:00:00', 5, 1700, 0, 0, 0, 0, 0),
(1582, 61, 6, 2020, '0000-00-00 00:00:00', 5, 1700, 0, 0, 0, 0, 0),
(1583, 61, 7, 2020, '0000-00-00 00:00:00', 5, 1700, 0, 0, 0, 0, 0),
(1584, 61, 8, 2020, '0000-00-00 00:00:00', 5, 1700, 0, 0, 0, 0, 0),
(1585, 61, 9, 2020, '0000-00-00 00:00:00', 5, 1700, 0, 0, 0, 0, 0),
(1586, 61, 10, 2020, '0000-00-00 00:00:00', 5, 1700, 0, 0, 0, 0, 0),
(1587, 61, 11, 2020, '0000-00-00 00:00:00', 5, 1700, 0, 0, 0, 0, 0),
(1588, 61, 12, 2020, '0000-00-00 00:00:00', 5, 1700, 0, 0, 0, 0, 0),
(1589, 63, 1, 2020, '2020-04-15 00:00:00', 5, 1700, 1450, 250, 0, 0, 1),
(1590, 63, 2, 2020, '2020-04-15 00:00:00', 5, 1700, 1700, 0, 0, 0, 1),
(1591, 63, 3, 2020, '2020-04-15 00:00:00', 5, 1700, 1700, 0, 0, 0, 1),
(1592, 63, 4, 2020, '2020-04-15 00:00:00', 5, 1700, 850, 850, 0, 0, 1),
(1593, 63, 5, 2020, '0000-00-00 00:00:00', 5, 1700, 0, 0, 0, 0, 0),
(1594, 63, 6, 2020, '0000-00-00 00:00:00', 5, 1700, 0, 0, 0, 0, 0),
(1595, 63, 7, 2020, '0000-00-00 00:00:00', 5, 1700, 0, 0, 0, 0, 0),
(1596, 63, 8, 2020, '0000-00-00 00:00:00', 5, 1700, 0, 0, 0, 0, 0),
(1597, 63, 9, 2020, '0000-00-00 00:00:00', 5, 1700, 0, 0, 0, 0, 0),
(1598, 63, 10, 2020, '0000-00-00 00:00:00', 5, 1700, 0, 0, 0, 0, 0),
(1599, 63, 11, 2020, '0000-00-00 00:00:00', 5, 1700, 0, 0, 0, 0, 0),
(1600, 63, 12, 2020, '0000-00-00 00:00:00', 5, 1700, 0, 0, 0, 0, 0),
(1601, 64, 1, 2020, '2020-04-15 00:00:00', 5, 1700, 1350, 350, 0, 0, 1),
(1602, 64, 2, 2020, '2020-04-15 00:00:00', 5, 1700, 1700, 0, 0, 0, 1),
(1603, 64, 3, 2020, '0000-00-00 00:00:00', 5, 1700, 0, 0, 0, 0, 0),
(1604, 64, 4, 2020, '0000-00-00 00:00:00', 5, 1700, 0, 0, 0, 0, 0),
(1605, 64, 5, 2020, '0000-00-00 00:00:00', 5, 1700, 0, 0, 0, 0, 0),
(1606, 64, 6, 2020, '0000-00-00 00:00:00', 5, 1700, 0, 0, 0, 0, 0),
(1607, 64, 7, 2020, '0000-00-00 00:00:00', 5, 1700, 0, 0, 0, 0, 0),
(1608, 64, 8, 2020, '0000-00-00 00:00:00', 5, 1700, 0, 0, 0, 0, 0),
(1609, 64, 9, 2020, '0000-00-00 00:00:00', 5, 1700, 0, 0, 0, 0, 0),
(1610, 64, 10, 2020, '0000-00-00 00:00:00', 5, 1700, 0, 0, 0, 0, 0),
(1611, 64, 11, 2020, '0000-00-00 00:00:00', 5, 1700, 0, 0, 0, 0, 0),
(1612, 64, 12, 2020, '0000-00-00 00:00:00', 5, 1700, 0, 0, 0, 0, 0),
(1613, 59, 1, 2020, '2020-04-15 00:00:00', 5, 1700, 1450, 250, 0, 0, 1),
(1614, 59, 2, 2020, '2020-04-15 00:00:00', 5, 1700, 1700, 0, 0, 0, 1),
(1615, 59, 3, 2020, '2020-04-15 00:00:00', 5, 1700, 1700, 0, 0, 0, 1),
(1616, 59, 4, 2020, '0000-00-00 00:00:00', 5, 1700, 0, 0, 0, 0, 0),
(1617, 59, 5, 2020, '0000-00-00 00:00:00', 5, 1700, 0, 0, 0, 0, 0),
(1618, 59, 6, 2020, '0000-00-00 00:00:00', 5, 1700, 0, 0, 0, 0, 0),
(1619, 59, 7, 2020, '0000-00-00 00:00:00', 5, 1700, 0, 0, 0, 0, 0),
(1620, 59, 8, 2020, '0000-00-00 00:00:00', 5, 1700, 0, 0, 0, 0, 0),
(1621, 59, 9, 2020, '0000-00-00 00:00:00', 5, 1700, 0, 0, 0, 0, 0),
(1622, 59, 10, 2020, '0000-00-00 00:00:00', 5, 1700, 0, 0, 0, 0, 0),
(1623, 59, 11, 2020, '0000-00-00 00:00:00', 5, 1700, 0, 0, 0, 0, 0),
(1624, 59, 12, 2020, '0000-00-00 00:00:00', 5, 1700, 0, 0, 0, 0, 0),
(1628, 89, 4, 2020, '0000-00-00 00:00:00', 3, 1200, 0, 0, 0, 0, 0),
(1629, 89, 5, 2020, '0000-00-00 00:00:00', 3, 1200, 0, 0, 0, 0, 0),
(1630, 89, 6, 2020, '0000-00-00 00:00:00', 3, 1200, 0, 0, 0, 0, 0),
(1631, 89, 7, 2020, '0000-00-00 00:00:00', 3, 1200, 0, 0, 0, 0, 0),
(1632, 89, 8, 2020, '0000-00-00 00:00:00', 3, 1200, 0, 0, 0, 0, 0),
(1633, 89, 9, 2020, '0000-00-00 00:00:00', 3, 1200, 0, 0, 0, 0, 0),
(1634, 89, 10, 2020, '0000-00-00 00:00:00', 3, 1200, 0, 0, 0, 0, 0),
(1635, 89, 11, 2020, '0000-00-00 00:00:00', 3, 1200, 0, 0, 0, 0, 0),
(1636, 89, 12, 2020, '0000-00-00 00:00:00', 3, 1200, 0, 0, 0, 0, 0);

-- --------------------------------------------------------

--
-- Estructura de tabla para la tabla `deportes`
--

DROP TABLE IF EXISTS `deportes`;
CREATE TABLE IF NOT EXISTS `deportes` (
  `id_deporte` int(11) NOT NULL AUTO_INCREMENT,
  `deporte_nombre` varchar(50) COLLATE utf8_spanish_ci NOT NULL,
  PRIMARY KEY (`id_deporte`),
  UNIQUE KEY `id_deporte` (`id_deporte`)
) ENGINE=MyISAM AUTO_INCREMENT=6 DEFAULT CHARSET=utf8 COLLATE=utf8_spanish_ci;

--
-- Volcado de datos para la tabla `deportes`
--

INSERT INTO `deportes` (`id_deporte`, `deporte_nombre`) VALUES
(1, 'Hockey'),
(2, 'Futbol'),
(3, 'Tenis'),
(4, 'Rugby'),
(5, 'Basquet');

-- --------------------------------------------------------

--
-- Estructura de tabla para la tabla `documentos`
--

DROP TABLE IF EXISTS `documentos`;
CREATE TABLE IF NOT EXISTS `documentos` (
  `id_documento` int(11) NOT NULL AUTO_INCREMENT,
  `titulo` varchar(150) COLLATE utf32_spanish_ci NOT NULL,
  `tamanio` int(10) NOT NULL,
  `tipo` varchar(150) COLLATE utf32_spanish_ci NOT NULL,
  `nombre_archivo` varchar(255) COLLATE utf32_spanish_ci NOT NULL,
  `descripcion` varchar(150) COLLATE utf32_spanish_ci NOT NULL,
  PRIMARY KEY (`id_documento`)
) ENGINE=InnoDB AUTO_INCREMENT=8 DEFAULT CHARSET=utf32 COLLATE=utf32_spanish_ci;

--
-- Volcado de datos para la tabla `documentos`
--

INSERT INTO `documentos` (`id_documento`, `titulo`, `tamanio`, `tipo`, `nombre_archivo`, `descripcion`) VALUES
(1, '10ma', 184390, 'application/pdf', 'Listado Decima 2019.pdf', 'Listado Decima Division'),
(2, '9na', 185615, 'application/pdf', 'Listado Novena 2019.pdf', 'Listado Novena DIvision'),
(3, '8va', 185429, 'application/pdf', 'Listado Octava  2019.pdf', 'Listado Octava Division'),
(4, '7ma', 184876, 'application/pdf', 'Listado Septima 2019.pdf', 'Listado Septima Division'),
(5, '6ta', 187688, 'application/pdf', 'Listado Sexta 2019.pdf', 'Listado Sexta Division'),
(6, '5ta', 188035, 'application/pdf', 'Listado Quinta 2019.pdf', 'Listado Quinta Division'),
(7, 'Ps', 188201, 'application/pdf', 'Listado PS 2019.pdf', 'Listado Plantel Superior');

-- --------------------------------------------------------

--
-- Estructura de tabla para la tabla `egresos`
--

DROP TABLE IF EXISTS `egresos`;
CREATE TABLE IF NOT EXISTS `egresos` (
  `id_egreso` int(11) NOT NULL AUTO_INCREMENT,
  `fecha` datetime NOT NULL,
  `monto` float NOT NULL,
  `id_item` int(11) NOT NULL,
  PRIMARY KEY (`id_egreso`),
  UNIQUE KEY `id_item` (`id_item`)
) ENGINE=MyISAM DEFAULT CHARSET=utf8 COLLATE=utf8_spanish_ci;

-- --------------------------------------------------------

--
-- Estructura de tabla para la tabla `empleados`
--

DROP TABLE IF EXISTS `empleados`;
CREATE TABLE IF NOT EXISTS `empleados` (
  `id_empleado` int(11) NOT NULL AUTO_INCREMENT,
  `id_empleo` int(11) NOT NULL,
  `sueldo` float NOT NULL,
  `sueldo_desde` date DEFAULT NULL,
  `mes_desde` int(11) NOT NULL,
  `mes_hasta` int(11) NOT NULL,
  `anio` int(11) NOT NULL,
  `nombre` varchar(255) COLLATE utf8_spanish_ci NOT NULL,
  `apellido` varchar(255) COLLATE utf8_spanish_ci NOT NULL,
  `id_persona` int(11) NOT NULL,
  PRIMARY KEY (`id_empleado`),
  KEY `id_persona` (`id_empleo`),
  KEY `id_empleo` (`id_empleo`),
  KEY `mes_desde` (`mes_desde`,`mes_hasta`)
) ENGINE=MyISAM AUTO_INCREMENT=3 DEFAULT CHARSET=utf8 COLLATE=utf8_spanish_ci;

--
-- Volcado de datos para la tabla `empleados`
--

INSERT INTO `empleados` (`id_empleado`, `id_empleo`, `sueldo`, `sueldo_desde`, `mes_desde`, `mes_hasta`, `anio`, `nombre`, `apellido`, `id_persona`) VALUES
(1, 1, 25000, '2020-02-01', 2, 11, 2020, '', '', 33),
(2, 1, 11000, '2020-02-01', 2, 11, 2020, '', '', 51);

-- --------------------------------------------------------

--
-- Estructura de tabla para la tabla `empleos`
--

DROP TABLE IF EXISTS `empleos`;
CREATE TABLE IF NOT EXISTS `empleos` (
  `id_empleo` int(11) NOT NULL AUTO_INCREMENT,
  `puesto` varchar(255) NOT NULL,
  PRIMARY KEY (`id_empleo`)
) ENGINE=MyISAM AUTO_INCREMENT=5 DEFAULT CHARSET=latin1;

--
-- Volcado de datos para la tabla `empleos`
--

INSERT INTO `empleos` (`id_empleo`, `puesto`) VALUES
(1, 'Entrenador'),
(2, 'Coordinador'),
(3, 'Preparador Fisico'),
(4, 'Prensa');

-- --------------------------------------------------------

--
-- Estructura de tabla para la tabla `entrenadores`
--

DROP TABLE IF EXISTS `entrenadores`;
CREATE TABLE IF NOT EXISTS `entrenadores` (
  `id_entrenador` int(11) NOT NULL AUTO_INCREMENT,
  `id_persona` int(11) NOT NULL,
  PRIMARY KEY (`id_entrenador`),
  KEY `id_persona` (`id_persona`)
) ENGINE=MyISAM DEFAULT CHARSET=latin1;

-- --------------------------------------------------------

--
-- Estructura de tabla para la tabla `equipos`
--

DROP TABLE IF EXISTS `equipos`;
CREATE TABLE IF NOT EXISTS `equipos` (
  `id_equipo` int(11) NOT NULL AUTO_INCREMENT,
  `equipo_nombre` varchar(255) NOT NULL,
  `id_entrenador` int(11) NOT NULL,
  `notas` varchar(255) NOT NULL,
  PRIMARY KEY (`id_equipo`),
  KEY `id_entrenador` (`id_entrenador`)
) ENGINE=MyISAM AUTO_INCREMENT=5 DEFAULT CHARSET=latin1;

--
-- Volcado de datos para la tabla `equipos`
--

INSERT INTO `equipos` (`id_equipo`, `equipo_nombre`, `id_entrenador`, `notas`) VALUES
(1, 'Sexta 2018', 0, ''),
(2, 'Quinta 2018', 0, ''),
(3, 'Intermedia 2018', 0, ''),
(4, 'Primera 2018', 0, '');

-- --------------------------------------------------------

--
-- Estructura de tabla para la tabla `estados`
--

DROP TABLE IF EXISTS `estados`;
CREATE TABLE IF NOT EXISTS `estados` (
  `id_estado` int(11) NOT NULL AUTO_INCREMENT,
  `descripcion_estado` varchar(35) COLLATE utf8_spanish_ci NOT NULL,
  PRIMARY KEY (`id_estado`)
) ENGINE=MyISAM AUTO_INCREMENT=5 DEFAULT CHARSET=utf8 COLLATE=utf8_spanish_ci;

--
-- Volcado de datos para la tabla `estados`
--

INSERT INTO `estados` (`id_estado`, `descripcion_estado`) VALUES
(1, 'Activo'),
(2, 'Baja'),
(3, 'Licencia');

-- --------------------------------------------------------

--
-- Estructura de tabla para la tabla `ingresos`
--

DROP TABLE IF EXISTS `ingresos`;
CREATE TABLE IF NOT EXISTS `ingresos` (
  `id_ingreso` int(11) NOT NULL AUTO_INCREMENT,
  `fecha` datetime NOT NULL,
  `monto` float NOT NULL,
  `id_item` int(11) NOT NULL,
  PRIMARY KEY (`id_ingreso`),
  KEY `id_item` (`id_item`)
) ENGINE=MyISAM DEFAULT CHARSET=utf8 COLLATE=utf8_spanish_ci;

-- --------------------------------------------------------

--
-- Estructura de tabla para la tabla `items`
--

DROP TABLE IF EXISTS `items`;
CREATE TABLE IF NOT EXISTS `items` (
  `id_item` int(11) NOT NULL AUTO_INCREMENT,
  `descripcion_item` varchar(80) COLLATE utf8_spanish_ci NOT NULL,
  `id_tipo_item` int(11) NOT NULL,
  PRIMARY KEY (`id_item`)
) ENGINE=MyISAM AUTO_INCREMENT=12 DEFAULT CHARSET=utf8 COLLATE=utf8_spanish_ci;

--
-- Volcado de datos para la tabla `items`
--

INSERT INTO `items` (`id_item`, `descripcion_item`, `id_tipo_item`) VALUES
(1, 'Sueldos', 2),
(2, 'Afiliacion', 2),
(3, 'Alquiler Cancha', 2),
(4, 'Micro', 2),
(5, 'Arbitros', 2),
(6, 'Medico', 2),
(7, 'Material Entrenamiento', 2),
(8, 'Evento', 1),
(9, 'Cuotas', 1),
(10, 'Donacion', 1),
(11, 'Sponsor', 1);

-- --------------------------------------------------------

--
-- Estructura de tabla para la tabla `jugador_por_equipo`
--

DROP TABLE IF EXISTS `jugador_por_equipo`;
CREATE TABLE IF NOT EXISTS `jugador_por_equipo` (
  `id_jugador_por_equipo` int(11) NOT NULL AUTO_INCREMENT,
  `id_equipo` int(11) NOT NULL,
  `id_persona` int(11) NOT NULL,
  PRIMARY KEY (`id_jugador_por_equipo`),
  UNIQUE KEY `id_jugador_por_equipo` (`id_jugador_por_equipo`),
  KEY `id_equipo` (`id_equipo`),
  KEY `id_persona` (`id_persona`)
) ENGINE=MyISAM AUTO_INCREMENT=44 DEFAULT CHARSET=utf8 COLLATE=utf8_spanish_ci;

--
-- Volcado de datos para la tabla `jugador_por_equipo`
--

INSERT INTO `jugador_por_equipo` (`id_jugador_por_equipo`, `id_equipo`, `id_persona`) VALUES
(34, 3, 7),
(35, 3, 1),
(36, 3, 6),
(37, 3, 8),
(38, 3, 16),
(39, 3, 17),
(40, 3, 18),
(41, 3, 20),
(42, 3, 21),
(43, 3, 26);

-- --------------------------------------------------------

--
-- Estructura de tabla para la tabla `lesionados`
--

DROP TABLE IF EXISTS `lesionados`;
CREATE TABLE IF NOT EXISTS `lesionados` (
  `id_lesionados` int(11) NOT NULL AUTO_INCREMENT,
  `id_persona` int(11) NOT NULL,
  `fecha_lesion` date NOT NULL,
  `observacion` varchar(255) NOT NULL,
  `fecha_alta` date DEFAULT NULL,
  PRIMARY KEY (`id_lesionados`),
  KEY `id_persona` (`id_persona`)
) ENGINE=MyISAM AUTO_INCREMENT=11 DEFAULT CHARSET=latin1;

-- --------------------------------------------------------

--
-- Estructura de tabla para la tabla `localidades`
--

DROP TABLE IF EXISTS `localidades`;
CREATE TABLE IF NOT EXISTS `localidades` (
  `id_localidad` int(11) NOT NULL AUTO_INCREMENT,
  `localidad_nombre` varchar(100) CHARACTER SET latin1 NOT NULL,
  `id_provincia` int(11) NOT NULL,
  PRIMARY KEY (`id_localidad`),
  KEY `id_provincia` (`id_provincia`)
) ENGINE=MyISAM AUTO_INCREMENT=8 DEFAULT CHARSET=utf8 COLLATE=utf8_spanish_ci;

--
-- Volcado de datos para la tabla `localidades`
--

INSERT INTO `localidades` (`id_localidad`, `localidad_nombre`, `id_provincia`) VALUES
(1, 'Mar del Plata', 1),
(2, 'Balcarce', 1),
(3, 'Miramar', 1),
(4, 'Quilmes', 1),
(5, 'Capital Federal', 1),
(7, 'Villa Gessel', 1);

-- --------------------------------------------------------

--
-- Estructura de tabla para la tabla `meses`
--

DROP TABLE IF EXISTS `meses`;
CREATE TABLE IF NOT EXISTS `meses` (
  `id_mes` int(11) NOT NULL AUTO_INCREMENT,
  `mes` varchar(20) COLLATE utf8_spanish_ci NOT NULL,
  PRIMARY KEY (`id_mes`)
) ENGINE=MyISAM AUTO_INCREMENT=13 DEFAULT CHARSET=utf8 COLLATE=utf8_spanish_ci;

--
-- Volcado de datos para la tabla `meses`
--

INSERT INTO `meses` (`id_mes`, `mes`) VALUES
(1, 'Enero'),
(2, 'Febrero'),
(3, 'Marzo'),
(4, 'Abril'),
(5, 'Mayo'),
(6, 'Junio'),
(7, 'Julio'),
(8, 'Agosto'),
(9, 'Septiembre'),
(10, 'Octubre'),
(11, 'Noviembre'),
(12, 'Diciembre');

-- --------------------------------------------------------

--
-- Estructura de tabla para la tabla `movimientos`
--

DROP TABLE IF EXISTS `movimientos`;
CREATE TABLE IF NOT EXISTS `movimientos` (
  `id_movimiento` int(11) NOT NULL AUTO_INCREMENT,
  `tipo_movimiento` varchar(255) COLLATE utf8_spanish_ci NOT NULL,
  `monto` float NOT NULL,
  `fecha` datetime NOT NULL,
  `id_item` int(11) NOT NULL,
  `observaciones` varchar(255) COLLATE utf8_spanish_ci NOT NULL,
  PRIMARY KEY (`id_movimiento`),
  KEY `id_item` (`id_item`)
) ENGINE=MyISAM AUTO_INCREMENT=749 DEFAULT CHARSET=utf8 COLLATE=utf8_spanish_ci;

--
-- Volcado de datos para la tabla `movimientos`
--

INSERT INTO `movimientos` (`id_movimiento`, `tipo_movimiento`, `monto`, `fecha`, `id_item`, `observaciones`) VALUES
(27, '0', 1400, '2018-07-28 00:00:00', 9, ''),
(26, '0', 1400, '2018-07-28 00:00:00', 9, ''),
(25, '0', 1400, '2018-07-28 00:00:00', 9, ''),
(24, '0', 1400, '2018-07-28 00:00:00', 9, ''),
(23, '0', 1400, '2018-07-28 00:00:00', 9, ''),
(22, '0', 1400, '2018-07-28 00:00:00', 9, ''),
(21, '0', 1400, '2018-07-28 00:00:00', 9, ''),
(20, '0', 1400, '2018-07-25 00:00:00', 9, ''),
(19, '0', 1400, '2018-07-25 00:00:00', 9, ''),
(18, '0', 1400, '2018-07-25 00:00:00', 9, ''),
(17, '0', 1400, '2018-07-25 00:00:00', 9, ''),
(16, '0', 1400, '2018-07-25 00:00:00', 9, ''),
(15, '0', 1400, '2018-07-25 00:00:00', 9, ''),
(14, '1', 500, '2018-07-03 00:00:00', 3, ''),
(28, '0', 1400, '2018-07-28 00:00:00', 9, ''),
(29, '0', 1400, '2018-07-28 00:00:00', 9, ''),
(30, '0', 1400, '2018-07-28 00:00:00', 9, ''),
(31, '0', 1400, '2018-07-28 00:00:00', 9, ''),
(32, '0', 1400, '2018-07-28 00:00:00', 9, ''),
(33, '0', 1400, '2018-07-28 00:00:00', 9, ''),
(34, '0', 1400, '2018-07-28 00:00:00', 9, ''),
(35, '0', 1400, '2018-07-28 00:00:00', 9, ''),
(36, '0', 1400, '2018-07-28 00:00:00', 9, ''),
(37, '0', 1400, '2018-07-28 00:00:00', 9, ''),
(38, '0', 1400, '2018-07-28 00:00:00', 9, ''),
(39, '0', 1400, '2018-07-28 00:00:00', 9, ''),
(40, '0', 1400, '2018-07-28 00:00:00', 9, ''),
(41, '0', 1400, '2018-07-28 00:00:00', 9, ''),
(42, '0', 1400, '2018-07-28 00:00:00', 9, ''),
(43, '0', 1400, '2018-07-28 00:00:00', 9, ''),
(44, '0', 1400, '2018-07-28 00:00:00', 9, ''),
(45, '0', 1400, '2018-07-28 00:00:00', 9, ''),
(46, '0', 1400, '2018-07-28 00:00:00', 9, ''),
(47, '0', 1400, '2018-07-28 00:00:00', 9, ''),
(48, '0', 1400, '2018-07-28 00:00:00', 9, ''),
(49, '0', 1400, '2018-07-28 00:00:00', 9, ''),
(50, '0', 1400, '2018-07-28 00:00:00', 9, ''),
(51, '0', 1400, '2018-07-28 00:00:00', 9, ''),
(52, '0', 1400, '2018-07-28 00:00:00', 9, ''),
(53, '0', 1400, '2018-07-28 00:00:00', 9, ''),
(54, '0', 1400, '2018-07-28 00:00:00', 9, ''),
(55, '0', 1400, '2018-07-28 00:00:00', 9, ''),
(56, '0', 1400, '2018-07-28 00:00:00', 9, ''),
(57, '0', 1400, '2018-07-28 00:00:00', 9, ''),
(58, '0', 1400, '2018-07-28 00:00:00', 9, ''),
(59, '0', 1400, '2018-07-28 00:00:00', 9, ''),
(60, '0', 1400, '2018-07-28 00:00:00', 9, ''),
(61, '0', 1400, '2018-07-28 00:00:00', 9, ''),
(62, '0', 1400, '2018-07-28 00:00:00', 9, ''),
(63, '0', 1400, '2018-07-28 00:00:00', 9, ''),
(64, '0', 1400, '2018-07-28 00:00:00', 9, ''),
(65, '0', 1400, '2018-07-28 00:00:00', 9, ''),
(66, '0', 1400, '2018-07-28 00:00:00', 9, ''),
(67, '0', 1400, '2018-07-28 00:00:00', 9, ''),
(68, '0', 1400, '2018-07-28 00:00:00', 9, ''),
(69, '0', 1400, '2018-07-28 00:00:00', 9, ''),
(70, '0', 1400, '2018-07-28 00:00:00', 9, ''),
(71, '0', 1400, '2018-07-28 00:00:00', 9, ''),
(72, '0', 1400, '2018-07-28 00:00:00', 9, ''),
(73, '0', 1400, '2018-07-28 00:00:00', 9, ''),
(74, '0', 1400, '2018-07-28 00:00:00', 9, ''),
(75, '0', 1400, '2018-07-28 00:00:00', 9, ''),
(76, '0', 1400, '2018-07-28 00:00:00', 9, ''),
(77, '0', 1400, '2018-07-28 00:00:00', 9, ''),
(78, '0', 1400, '2018-07-28 00:00:00', 9, ''),
(79, '0', 1400, '2018-07-28 00:00:00', 9, ''),
(80, '0', 1400, '2018-07-28 00:00:00', 9, ''),
(81, '0', 1400, '2018-07-28 00:00:00', 9, ''),
(82, '0', 1400, '2018-07-28 00:00:00', 9, ''),
(83, '0', 1400, '2018-07-28 00:00:00', 9, ''),
(84, '0', 1400, '2018-07-28 00:00:00', 9, ''),
(85, '0', 750, '2018-07-28 00:00:00', 9, ''),
(86, '0', 750, '2018-07-28 00:00:00', 9, ''),
(87, '0', 750, '2018-07-28 00:00:00', 9, ''),
(88, '0', 750, '2018-07-28 00:00:00', 9, ''),
(89, '0', 1400, '2018-07-28 00:00:00', 9, ''),
(90, '0', 1400, '2018-07-28 00:00:00', 9, ''),
(91, '0', 1400, '2018-07-28 00:00:00', 9, ''),
(92, '0', 1400, '2018-07-28 00:00:00', 9, ''),
(93, '0', 1400, '2018-07-28 00:00:00', 9, ''),
(94, '0', 1400, '2018-07-28 00:00:00', 9, ''),
(95, '0', 1400, '2018-07-28 00:00:00', 9, ''),
(96, '0', 1400, '2018-07-28 00:00:00', 9, ''),
(97, '0', 1400, '2018-07-28 00:00:00', 9, ''),
(98, '0', 1400, '2018-07-28 00:00:00', 9, ''),
(99, '0', 1100, '2018-07-28 00:00:00', 9, ''),
(100, '0', 1100, '2018-07-28 00:00:00', 9, ''),
(101, '0', 1100, '2018-07-28 00:00:00', 9, ''),
(102, '0', 1100, '2018-07-28 00:00:00', 9, ''),
(103, '0', 1100, '2018-07-28 00:00:00', 9, ''),
(104, '0', 1100, '2018-07-28 00:00:00', 9, ''),
(105, '0', 1400, '2018-07-28 00:00:00', 9, ''),
(106, '0', 1400, '2018-07-28 00:00:00', 9, ''),
(107, '0', 1400, '2018-07-28 00:00:00', 9, ''),
(108, '0', 1400, '2018-07-28 00:00:00', 9, ''),
(109, '0', 1400, '2018-07-28 00:00:00', 9, ''),
(110, '0', 1400, '2018-07-28 00:00:00', 9, ''),
(111, '0', 1400, '2018-07-28 00:00:00', 9, ''),
(112, '0', 1400, '2018-07-28 00:00:00', 9, ''),
(113, '0', 1400, '2018-07-28 00:00:00', 9, ''),
(114, '0', 1400, '2018-07-28 00:00:00', 9, ''),
(115, '0', 1400, '2018-07-28 00:00:00', 9, ''),
(116, '0', 1400, '2018-07-28 00:00:00', 9, ''),
(117, '0', 1400, '2018-07-28 00:00:00', 9, ''),
(118, '0', 1400, '2018-07-28 00:00:00', 9, ''),
(119, '0', 1550, '2018-07-28 00:00:00', 9, ''),
(120, '0', 1550, '2018-07-28 00:00:00', 9, ''),
(121, '0', 1550, '2018-07-28 00:00:00', 9, ''),
(122, '0', 1550, '2018-07-28 00:00:00', 9, ''),
(123, '0', 1550, '2018-07-28 00:00:00', 9, ''),
(124, '0', 1550, '2018-07-28 00:00:00', 9, ''),
(125, '0', 1550, '2018-07-28 00:00:00', 9, ''),
(126, '0', 1160, '2018-07-28 00:00:00', 9, ''),
(127, '0', 1550, '2018-07-28 00:00:00', 9, ''),
(128, '0', 1550, '2018-07-29 00:00:00', 9, ''),
(129, '0', 1550, '2018-07-29 00:00:00', 9, ''),
(130, '0', 1400, '2018-07-29 00:00:00', 9, ''),
(131, '0', 1400, '2018-07-29 00:00:00', 9, ''),
(132, '0', 1400, '2018-07-29 00:00:00', 9, ''),
(133, '0', 1400, '2018-07-29 00:00:00', 9, ''),
(134, '0', 750, '2018-07-29 00:00:00', 9, ''),
(135, '0', 750, '2018-07-29 00:00:00', 9, ''),
(136, '0', 750, '2018-07-29 00:00:00', 9, ''),
(137, '0', 750, '2018-07-29 00:00:00', 9, ''),
(138, '0', 1400, '2018-07-30 00:00:00', 9, ''),
(139, '0', 1400, '2018-07-30 00:00:00', 9, ''),
(140, '0', 1400, '2018-07-30 00:00:00', 9, ''),
(141, '0', 0, '2018-07-30 00:00:00', 9, ''),
(142, '0', 0, '2018-07-30 00:00:00', 9, ''),
(143, '0', 0, '2018-07-30 00:00:00', 9, ''),
(144, '0', 0, '2018-07-30 00:00:00', 9, ''),
(145, '0', 0, '2018-07-30 00:00:00', 9, ''),
(146, '0', 0, '2018-07-30 00:00:00', 9, ''),
(147, '0', 0, '2018-07-30 00:00:00', 9, ''),
(148, '0', 0, '2018-07-30 00:00:00', 9, ''),
(149, '0', 0, '2018-07-30 00:00:00', 9, ''),
(150, '0', 0, '2018-07-30 00:00:00', 9, ''),
(151, '0', 0, '2018-07-30 00:00:00', 9, ''),
(152, '0', 0, '2018-07-30 00:00:00', 9, ''),
(153, '0', 0, '2018-07-30 00:00:00', 9, ''),
(154, '0', 0, '2018-07-30 00:00:00', 9, ''),
(155, '0', 1550, '2018-07-30 00:00:00', 9, ''),
(156, '0', 1550, '2018-07-30 00:00:00', 9, ''),
(157, '0', 1550, '2018-07-30 00:00:00', 9, ''),
(158, '0', 1550, '2018-07-30 00:00:00', 9, ''),
(159, '0', 1550, '2018-07-30 00:00:00', 9, ''),
(160, '0', 1550, '2018-07-30 00:00:00', 9, ''),
(161, '0', 1550, '2018-07-30 00:00:00', 9, ''),
(162, '0', 0, '2018-07-30 00:00:00', 9, ''),
(163, '0', 0, '2018-07-30 00:00:00', 9, ''),
(164, '0', 0, '2018-07-30 00:00:00', 9, ''),
(165, '0', 0, '2018-07-30 00:00:00', 9, ''),
(166, '0', 0, '2018-07-30 00:00:00', 9, ''),
(167, '0', 0, '2018-07-30 00:00:00', 9, ''),
(168, '0', 0, '2018-07-30 00:00:00', 9, ''),
(169, '0', 0, '2018-07-30 00:00:00', 9, ''),
(170, '0', 0, '2018-07-30 00:00:00', 9, ''),
(171, '0', 0, '2018-07-30 00:00:00', 9, ''),
(172, '0', 0, '2018-07-30 00:00:00', 9, ''),
(173, '0', 0, '2018-07-30 00:00:00', 9, ''),
(174, '0', 0, '2018-07-30 00:00:00', 9, ''),
(175, '0', 0, '2018-07-30 00:00:00', 9, ''),
(176, '1', 1800, '2018-08-02 00:00:00', 1, ''),
(177, '1', 1800, '2018-08-02 00:00:00', 1, ''),
(178, '1', 1800, '2018-08-02 00:00:00', 1, ''),
(179, '1', 1800, '2018-08-02 00:00:00', 1, ''),
(180, '1', 1800, '2018-08-02 00:00:00', 1, ''),
(181, '1', 3000, '2018-08-02 00:00:00', 1, ''),
(182, '1', 3000, '2018-08-02 00:00:00', 1, ''),
(183, '1', 3000, '2018-08-02 00:00:00', 1, ''),
(184, '1', 3000, '2018-08-02 00:00:00', 1, ''),
(185, '1', 3000, '2018-08-02 00:00:00', 1, ''),
(186, '1', 3000, '2018-08-02 00:00:00', 1, ''),
(187, '1', 8500, '2018-08-02 00:00:00', 1, ''),
(188, '1', 8500, '2018-08-02 00:00:00', 1, ''),
(189, '1', 6000, '2018-08-02 00:00:00', 1, ''),
(190, '1', 6000, '2018-08-02 00:00:00', 1, ''),
(191, '1', 6000, '2018-08-02 00:00:00', 1, ''),
(192, '1', 6000, '2018-08-02 00:00:00', 1, ''),
(193, '1', 6000, '2018-08-02 00:00:00', 1, ''),
(194, '1', 6000, '2018-08-02 00:00:00', 1, ''),
(195, '0', 1550, '2018-08-03 00:00:00', 9, ''),
(196, '0', 1550, '2018-08-05 00:00:00', 9, ''),
(197, '0', 0, '2018-08-06 00:00:00', 9, ''),
(198, '0', 1550, '2018-08-06 00:00:00', 9, ''),
(199, '0', 0, '2018-08-06 00:00:00', 9, ''),
(200, '0', 1550, '2018-08-06 00:00:00', 9, ''),
(201, '0', 0, '2018-08-06 00:00:00', 9, ''),
(202, '0', 0, '2018-08-06 00:00:00', 9, ''),
(203, '0', 1400, '2018-08-10 00:00:00', 9, 'Nunez,Mauricio'),
(204, '0', 1400, '2018-08-10 00:00:00', 9, 'Nunez,Mauricio'),
(205, '0', 1400, '2018-08-10 00:00:00', 9, 'Nunez,Mauricio'),
(206, '0', 1400, '2018-08-10 00:00:00', 9, 'Nunez,Mauricio'),
(207, '0', 1400, '2018-08-10 00:00:00', 9, 'Nunez,Mauricio'),
(208, '0', 1400, '2018-08-10 00:00:00', 9, 'Nunez,Mauricio'),
(209, '0', 1550, '2018-08-12 00:00:00', 9, 'Islas,Lucas'),
(210, '0', 1550, '2018-08-15 00:00:00', 9, 'Rodriguez,Nahuel'),
(211, '0', 1550, '2018-08-17 00:00:00', 9, 'Cabanillas,Juan Manuel'),
(212, '0', 1550, '2018-08-17 00:00:00', 9, 'Domecq,Carlos'),
(213, '0', 750, '2018-08-21 00:00:00', 9, 'Pezzelato,Franco'),
(214, '0', 1550, '2018-08-21 00:00:00', 9, 'Fernandez,Rodrigo'),
(215, '0', 1550, '2018-08-24 00:00:00', 9, 'Rodriguez,Lautaro'),
(216, '0', 1550, '2018-08-24 00:00:00', 9, 'Varuzza,Julian'),
(217, '0', 1550, '2018-08-26 00:00:00', 9, 'Grill,Diego Martin'),
(218, '0', 1550, '2018-08-26 00:00:00', 9, 'Ruiz,Joaquin'),
(219, '0', 1550, '2018-08-26 00:00:00', 9, 'Capurro,Nicolas'),
(220, '0', 1550, '2018-09-01 00:00:00', 9, 'Franco,Agustin'),
(221, '0', 1400, '2018-09-01 00:00:00', 9, 'Nejamkin,Andres'),
(222, '0', 1550, '2018-09-06 00:00:00', 9, 'Eciolaza,Emanuel'),
(223, '0', 1550, '2018-09-06 00:00:00', 9, 'Eciolaza,Emanuel'),
(224, '0', 1400, '2018-09-06 00:00:00', 9, 'Folcher,Gaston'),
(225, '0', 1400, '2018-09-14 00:00:00', 9, 'Marziali,Lucas'),
(226, '0', 1400, '2018-09-14 00:00:00', 9, 'Marziali,Lucas'),
(227, '0', 1160, '2018-09-20 00:00:00', 9, 'Rodriguez,Lautaro'),
(228, '0', 1550, '2018-09-20 00:00:00', 9, 'Ardusso,David'),
(229, '0', 1550, '2018-09-29 00:00:00', 9, 'Islas,Lucas'),
(230, '0', 1550, '2018-09-30 00:00:00', 9, 'Rodriguez,Nahuel'),
(231, '0', 1550, '2018-09-30 00:00:00', 9, 'Varuzza,Julian'),
(232, '0', 1550, '2018-09-30 00:00:00', 9, 'Grill,Diego Martin'),
(233, '0', 1160, '2018-10-12 00:00:00', 9, 'Rodriguez,Lautaro'),
(234, '0', 1550, '2018-10-18 00:00:00', 9, 'Eciolaza,Emanuel'),
(235, '0', 1550, '2018-10-18 00:00:00', 9, 'Islas,Lucas'),
(236, '0', 1550, '2018-10-18 00:00:00', 9, 'Nejamkin,Andres'),
(237, '0', 1550, '2018-10-18 00:00:00', 9, 'Nunez,Mauricio'),
(238, '0', 1550, '2018-10-22 00:00:00', 9, 'Franco,Agustin'),
(239, '0', 1550, '2018-10-22 00:00:00', 9, 'Franco,Agustin'),
(240, '0', 1550, '2018-10-22 00:00:00', 9, 'Ardusso,David'),
(241, '0', 1550, '2018-10-22 00:00:00', 9, 'Rodriguez,Nahuel'),
(242, '0', 1550, '2018-11-01 00:00:00', 9, 'Varuzza,Julian'),
(243, '0', 1550, '2018-11-07 00:00:00', 9, 'Rodriguez,Lautaro'),
(244, '0', 1550, '2018-11-16 00:00:00', 9, 'Ardusso,David'),
(245, '0', 1550, '2018-11-16 00:00:00', 9, 'Capurro,Nicolas'),
(246, '0', 1550, '2018-11-16 00:00:00', 9, 'Ruiz,Joaquin'),
(247, '0', 1550, '2018-11-29 00:00:00', 9, 'Nejamkin,Andres'),
(248, '0', 1550, '2018-11-29 00:00:00', 9, 'Nejamkin,Andres'),
(249, '0', 1550, '2018-11-29 00:00:00', 9, 'Nejamkin,Andres'),
(250, '0', 1550, '2018-12-02 00:00:00', 9, 'Folcher,Gaston'),
(251, '0', 1550, '2018-12-02 00:00:00', 9, 'Pezzelato,Franco'),
(252, '0', 1550, '2018-12-04 00:00:00', 9, 'Grill,Diego Martin'),
(253, '0', 750, '2018-12-04 00:00:00', 9, 'Pezzelato,Franco'),
(254, '0', 750, '2018-12-04 00:00:00', 9, 'Pezzelato,Franco'),
(255, '0', 1550, '2018-12-04 00:00:00', 9, 'Ardusso,David'),
(256, '0', 1550, '2018-12-12 00:00:00', 9, 'Grill,Diego Martin'),
(257, '0', 1550, '2018-12-15 00:00:00', 9, 'Folcher,Gaston'),
(258, '0', 1550, '2018-12-15 00:00:00', 9, 'Folcher,Gaston'),
(259, '0', 1550, '2018-12-16 00:00:00', 9, 'Islas,Lucas'),
(260, '0', 1550, '2018-12-16 00:00:00', 9, 'Islas,Lucas'),
(261, '0', 1550, '2018-12-16 00:00:00', 9, 'Varuzza,Julian'),
(262, '0', 1550, '2018-12-16 00:00:00', 9, 'Varuzza,Julian'),
(263, '0', 1550, '2018-12-17 00:00:00', 9, 'Rodriguez,Nahuel'),
(264, '0', 1550, '2018-12-17 00:00:00', 9, 'Rodriguez,Nahuel'),
(265, '0', 1550, '2018-12-17 00:00:00', 9, 'Rodriguez,Nahuel'),
(266, '0', 1550, '2018-12-20 00:00:00', 9, 'Capurro,Nicolas'),
(267, '0', 1190, '2018-12-21 00:00:00', 9, 'Rodriguez,Lautaro'),
(268, '0', 1550, '2018-12-27 00:00:00', 9, 'Ruiz,Joaquin'),
(269, '0', 1550, '2018-12-27 00:00:00', 9, 'Ruiz,Joaquin'),
(270, '0', 1550, '2018-12-28 00:00:00', 9, 'Grill,Diego Martin'),
(271, '0', 900, '2019-01-09 00:00:00', 9, 'Pezzelato,Franco'),
(272, '0', 1550, '2019-01-10 00:00:00', 9, 'Folcher,Gaston'),
(273, '0', 1550, '2019-01-10 00:00:00', 9, 'Folcher,Gaston'),
(274, '0', 1550, '2019-01-18 00:00:00', 9, 'Eciolaza,Emanuel'),
(275, '0', 1550, '2019-01-18 00:00:00', 9, 'Eciolaza,Emanuel'),
(276, '0', 1550, '2019-01-18 00:00:00', 9, 'Eciolaza,Emanuel'),
(277, '0', 1550, '2019-01-18 00:00:00', 9, 'Varuzza,Julian'),
(278, '0', 1550, '2019-01-18 00:00:00', 9, 'Marziali,Lucas'),
(279, '0', 1550, '2019-01-18 00:00:00', 9, 'Marziali,Lucas'),
(280, '0', 1550, '2019-01-18 00:00:00', 9, 'Marziali,Lucas'),
(281, '0', 1550, '2019-01-18 00:00:00', 9, 'Marziali,Lucas'),
(282, '0', 1550, '2019-01-18 00:00:00', 9, 'Marziali,Lucas'),
(283, '0', 1550, '2019-01-19 00:00:00', 9, 'Franco,Agustin'),
(284, '0', 1550, '2019-01-19 00:00:00', 9, 'Franco,Agustin'),
(285, '0', 1550, '2019-01-19 00:00:00', 9, 'Franco,Agustin'),
(286, '0', 1550, '2019-01-21 00:00:00', 9, 'Islas,Lucas'),
(287, '0', 1550, '2019-01-21 00:00:00', 9, 'Domecq,Carlos'),
(288, '0', 1550, '2019-01-23 00:00:00', 9, 'Rodriguez,Nahuel'),
(289, '0', 1550, '2019-01-23 00:00:00', 9, 'Rodriguez,Nahuel'),
(290, '0', 1550, '2019-01-26 00:00:00', 9, 'De Leon,Gonzalo'),
(291, '0', 1550, '2019-01-31 00:00:00', 9, 'Capurro,Nicolas'),
(292, '0', 1550, '2019-02-07 00:00:00', 9, 'Pezzelato,Franco'),
(293, '0', 1800, '2019-02-08 00:00:00', 9, 'Domecq,Carlos'),
(294, '0', 1800, '2019-02-09 00:00:00', 9, 'Franco,Agustin'),
(295, '0', 1800, '2019-02-09 00:00:00', 9, 'Varuzza,Julian'),
(296, '0', 1800, '2019-02-09 00:00:00', 9, 'Whelan,Santiago'),
(297, '0', 1800, '2019-02-09 00:00:00', 9, 'Whelan,Santiago'),
(298, '0', 1800, '2019-02-09 00:00:00', 9, 'Fernandez ,Mario'),
(299, '0', 1800, '2019-02-16 00:00:00', 9, 'De Leon,Gonzalo'),
(300, '0', 1800, '2019-02-19 00:00:00', 9, 'Vena,Juan Manuel'),
(301, '0', 1800, '2019-02-25 00:00:00', 9, 'Islas,Lucas'),
(302, '0', 1550, '2019-02-26 00:00:00', 9, 'Capurro,Nicolas'),
(303, '0', 1550, '2019-02-26 00:00:00', 9, 'Capurro,Nicolas'),
(304, '0', 1800, '2019-02-26 00:00:00', 9, 'Capurro,Nicolas'),
(305, '0', 1200, '2019-02-28 00:00:00', 9, 'Lopez Manas,Ignacio'),
(306, '0', 1200, '2019-02-28 00:00:00', 9, 'Lopez Manas,Ignacio'),
(307, '0', 1200, '2019-02-28 00:00:00', 9, 'Massenzio,Julian'),
(308, '0', 1200, '2019-02-28 00:00:00', 9, 'Massenzio,Julian'),
(309, '0', 1200, '2019-02-28 00:00:00', 9, 'Murga,Tomas'),
(310, '0', 1200, '2019-02-28 00:00:00', 9, 'Murga,Tomas'),
(311, '0', 1200, '2019-02-28 00:00:00', 9, 'Murga,Tomas'),
(312, '0', 1200, '2019-02-28 00:00:00', 9, 'Raimondi,Mateo'),
(313, '0', 1200, '2019-02-28 00:00:00', 9, 'Raimondi,Mateo'),
(314, '0', 1200, '2019-02-28 00:00:00', 9, 'Puglisi,Santiago'),
(315, '0', 1200, '2019-02-28 00:00:00', 9, 'Puglisi,Santiago'),
(316, '0', 1200, '2019-02-28 00:00:00', 9, 'Silva,Mateo'),
(317, '0', 1200, '2019-02-28 00:00:00', 9, 'Henderson,Guillermo'),
(318, '0', 1200, '2019-02-28 00:00:00', 9, 'Henderson,Guillermo'),
(319, '0', 1200, '2019-03-01 00:00:00', 9, 'Silva,Mateo'),
(320, '0', 1200, '2019-03-01 00:00:00', 9, 'Cesari,Tadeo'),
(321, '0', 1200, '2019-03-01 00:00:00', 9, 'Cesari,Tadeo'),
(322, '0', 1550, '2019-03-03 00:00:00', 9, 'Eciolaza,Emanuel'),
(323, '0', 1800, '2019-03-05 00:00:00', 9, 'Castano,Fernando'),
(324, '0', 900, '2019-03-08 00:00:00', 9, 'Pezzelato,Franco'),
(325, '0', 1800, '2019-03-09 00:00:00', 9, 'Franco,Agustin'),
(326, '0', 1800, '2019-03-13 00:00:00', 9, 'Rodriguez,Lautaro'),
(327, '0', 1800, '2019-03-13 00:00:00', 9, 'Rodriguez,Lautaro'),
(328, '0', 700, '2019-03-13 00:00:00', 9, 'Rodriguez,Julian'),
(329, '0', 700, '2019-03-13 00:00:00', 9, 'Rodriguez,Julian'),
(330, '0', 1800, '2019-03-14 00:00:00', 9, 'Rodriguez,Nahuel'),
(331, '0', 1800, '2019-03-14 00:00:00', 9, 'Vena,Juan Manuel'),
(332, '0', 1800, '2019-03-14 00:00:00', 9, 'Fernandez,Rodrigo'),
(333, '0', 1200, '2019-03-14 00:00:00', 9, 'Puglisi,Santiago'),
(334, '0', 1200, '2019-03-14 00:00:00', 9, 'Puglisi,Santiago'),
(335, '0', 260000, '2019-03-03 00:00:00', 8, 'Summer Trophy'),
(336, '1', 55000, '2019-03-04 00:00:00', 7, 'Equipo Arquero Damas'),
(337, '0', 1800, '2019-03-20 00:00:00', 9, 'De Leon,Gonzalo'),
(338, '0', 1800, '2019-03-21 00:00:00', 9, 'Eciolaza,Emanuel'),
(339, '0', 1800, '2019-03-21 00:00:00', 9, 'Domecq,Carlos'),
(340, '0', 1450, '2019-03-22 00:00:00', 9, 'Lopez Manas,Ignacio'),
(341, '0', 1450, '2019-03-23 00:00:00', 9, 'Massenzio,Julian'),
(342, '0', 1800, '2019-03-23 00:00:00', 9, 'Varuzza,Julian'),
(343, '0', 1800, '2019-03-29 00:00:00', 9, 'Torres,Rodrigo'),
(344, '0', 1450, '2019-03-29 00:00:00', 9, 'Raimondi,Mateo'),
(345, '0', 1800, '2019-03-29 00:00:00', 9, 'Whelan,Santiago'),
(346, '0', 1450, '2019-03-29 00:00:00', 9, 'Silva,Mateo'),
(347, '0', 1800, '2019-03-30 00:00:00', 9, 'Folcher,Gaston'),
(348, '0', 1800, '2019-04-04 00:00:00', 9, 'Pezzelato,Franco'),
(349, '0', 1350, '2019-04-05 00:00:00', 9, 'Rodriguez,Lautaro'),
(350, '0', 1450, '2019-04-06 00:00:00', 9, 'Rodriguez,Julian'),
(351, '0', 1800, '2019-04-07 00:00:00', 9, 'De Leon,Gonzalo'),
(352, '0', 1800, '2019-04-11 00:00:00', 9, 'Franco,Agustin'),
(353, '0', 1800, '2019-04-11 00:00:00', 9, 'Vena,Juan Manuel'),
(354, '0', 1800, '2019-04-12 00:00:00', 9, 'Domecq,Carlos'),
(355, '0', 1800, '2019-04-15 00:00:00', 9, 'Rodriguez,Nahuel'),
(356, '0', 1450, '2019-04-15 00:00:00', 9, 'Raimondi,Mateo'),
(357, '0', 1450, '2019-04-15 00:00:00', 9, 'Henderson,Guillermo'),
(358, '0', 1800, '2019-04-15 00:00:00', 9, 'Eciolaza,Emanuel'),
(359, '0', 1800, '2019-04-15 00:00:00', 9, 'Fernandez ,Mario'),
(360, '0', 1450, '2019-04-15 00:00:00', 9, 'Lopez Manas,Ignacio'),
(361, '0', 1800, '2019-04-22 00:00:00', 9, 'Fernandez,Rodrigo'),
(362, '0', 1800, '2019-04-22 00:00:00', 9, 'Fernandez,Rodrigo'),
(363, '0', 1800, '2019-04-22 00:00:00', 9, 'Fernandez,Rodrigo'),
(364, '0', 1800, '2019-04-25 00:00:00', 9, 'Ruiz,Joaquin'),
(365, '0', 1800, '2019-04-25 00:00:00', 9, 'Ruiz,Joaquin'),
(366, '0', 1800, '2019-04-25 00:00:00', 9, 'Ruiz,Joaquin'),
(367, '0', 1800, '2019-04-25 00:00:00', 9, 'Torres,Rodrigo'),
(368, '0', 1450, '2019-05-03 00:00:00', 9, 'Cesari,Tadeo'),
(369, '0', 1450, '2019-05-03 00:00:00', 9, 'Cesari,Tadeo'),
(370, '0', 1450, '2019-05-04 00:00:00', 9, 'Lopez Manas,Ignacio'),
(371, '0', 1800, '2019-05-08 00:00:00', 9, 'Pezzelato,Franco'),
(372, '0', 1450, '2019-05-09 00:00:00', 9, 'Murga,Tomas'),
(373, '0', 1450, '2019-05-09 00:00:00', 9, 'Henderson,Guillermo'),
(374, '0', 1450, '2019-05-09 00:00:00', 9, 'Puglisi,Santiago'),
(375, '0', 1800, '2019-05-09 00:00:00', 9, 'Torres,Rodrigo'),
(376, '0', 1800, '2019-05-09 00:00:00', 9, 'Fernandez ,Mario'),
(377, '0', 1450, '2019-05-09 00:00:00', 9, 'Silva,Mateo'),
(378, '0', 1450, '2019-05-09 00:00:00', 9, 'Raimondi,Mateo'),
(379, '0', 1800, '2019-05-09 00:00:00', 9, 'Vena,Juan Manuel'),
(380, '0', 1450, '2019-05-09 00:00:00', 9, 'Murga,Tomas'),
(381, '0', 1800, '2019-05-10 00:00:00', 9, 'Rodriguez,Lautaro'),
(382, '0', 750, '2019-05-10 00:00:00', 9, 'Rodriguez,Julian'),
(383, '0', 1800, '2019-05-12 00:00:00', 9, 'Capurro,Nicolas'),
(384, '0', 1800, '2019-05-14 00:00:00', 9, 'Domecq,Carlos'),
(385, '0', 1800, '2019-05-14 00:00:00', 9, 'Fernandez,Rodrigo'),
(386, '0', 1800, '2019-05-14 00:00:00', 9, 'Islas,Lucas'),
(387, '0', 1800, '2019-05-14 00:00:00', 9, 'Capurro,Nicolas'),
(388, '0', 1800, '2019-05-16 00:00:00', 9, 'Capurro,Nicolas'),
(389, '0', 1800, '2019-05-18 00:00:00', 9, 'De Leon,Gonzalo'),
(390, '0', 1800, '2019-05-18 00:00:00', 9, 'Varuzza,Julian'),
(391, '0', 1800, '2019-05-18 00:00:00', 9, 'Varuzza,Julian'),
(392, '0', 1800, '2019-05-20 00:00:00', 9, 'Eciolaza,Emanuel'),
(393, '0', 1450, '2019-05-25 00:00:00', 9, 'Rondi,Bautista'),
(394, '0', 1450, '2019-05-25 00:00:00', 9, 'Rondi,Bautista'),
(395, '0', 1450, '2019-05-25 00:00:00', 9, 'Rondi,Bautista'),
(396, '0', 1450, '2019-05-25 00:00:00', 9, 'Rondi,Bautista'),
(397, '0', 1450, '2019-05-27 00:00:00', 9, 'Murga,Tomas'),
(398, '0', 1450, '2019-05-27 00:00:00', 9, 'Silva,Mateo'),
(399, '0', 1800, '2019-06-06 00:00:00', 9, 'Torres,Rodrigo'),
(400, '0', 1450, '2019-06-06 00:00:00', 9, 'Raimondi,Mateo'),
(401, '0', 1800, '2019-06-07 00:00:00', 9, 'Pezzelato,Franco'),
(402, '0', 1350, '2019-06-07 00:00:00', 9, 'Rodriguez,Lautaro'),
(403, '0', 1150, '2019-06-07 00:00:00', 9, 'Rodriguez,Julian'),
(404, '0', 1800, '2019-06-09 00:00:00', 9, 'Whelan,Santiago'),
(405, '0', 1800, '2019-06-09 00:00:00', 9, 'Islas,Lucas'),
(406, '0', 1800, '2019-06-09 00:00:00', 9, 'De Leon,Gonzalo'),
(407, '0', 1800, '2019-06-14 00:00:00', 9, 'Whelan,Santiago'),
(408, '0', 1800, '2019-06-14 00:00:00', 9, 'Whelan,Santiago'),
(409, '0', 1800, '2019-06-20 00:00:00', 9, 'Torres,Rodrigo'),
(410, '0', 1800, '2019-06-22 00:00:00', 9, 'Franco,Agustin'),
(411, '0', 1450, '2019-06-23 00:00:00', 9, 'Lopez Manas,Ignacio'),
(412, '0', 1800, '2019-06-23 00:00:00', 9, 'Vena,Juan Manuel'),
(413, '0', 1450, '2019-06-23 00:00:00', 9, 'Murga,Tomas'),
(414, '0', 1450, '2019-06-23 00:00:00', 9, 'Henderson,Guillermo'),
(415, '0', 1800, '2019-07-04 00:00:00', 9, 'Varuzza,Julian'),
(416, '0', 1800, '2019-07-04 00:00:00', 9, 'Varuzza,Julian'),
(417, '0', 1450, '2019-07-04 00:00:00', 9, 'Rodriguez,Julian'),
(418, '0', 1800, '2019-07-04 00:00:00', 9, 'Rodriguez,Lautaro'),
(419, '0', 1800, '2019-07-04 00:00:00', 9, 'Rodriguez,Nahuel'),
(420, '0', 1800, '2019-07-04 00:00:00', 9, 'Rodriguez,Nahuel'),
(421, '0', 1800, '2019-07-04 00:00:00', 9, 'Rodriguez,Nahuel'),
(422, '0', 1800, '2019-07-04 00:00:00', 9, 'Fernandez,Rodrigo'),
(423, '0', 1450, '2019-07-04 00:00:00', 9, 'Henderson,Guillermo'),
(424, '0', 1800, '2019-07-04 00:00:00', 9, 'Pezzelato,Franco'),
(425, '0', 1450, '2019-07-05 00:00:00', 9, 'Puglisi,Santiago'),
(426, '0', 1800, '2019-07-05 00:00:00', 9, 'Vena,Juan Manuel'),
(427, '0', 1800, '2019-07-07 00:00:00', 9, 'Torres,Rodrigo'),
(428, '0', 1450, '2019-07-07 00:00:00', 9, 'Rondi,Bautista'),
(429, '0', 1450, '2019-07-07 00:00:00', 9, 'Rondi,Bautista'),
(430, '0', 1450, '2019-07-07 00:00:00', 9, 'Lopez Manas,Ignacio'),
(431, '0', 1800, '2019-07-07 00:00:00', 9, 'De Leon,Gonzalo'),
(432, '0', 1800, '2019-07-09 00:00:00', 9, 'Islas,Lucas'),
(433, '0', 1800, '2019-07-11 00:00:00', 9, 'Torres,Rodrigo'),
(434, '0', 1800, '2019-07-19 00:00:00', 9, 'Capurro,Nicolas'),
(435, '0', 1800, '2019-07-19 00:00:00', 9, 'Capurro,Nicolas'),
(436, '0', 1450, '2019-07-19 00:00:00', 9, 'Raimondi,Mateo'),
(437, '0', 1450, '2019-07-19 00:00:00', 9, 'Fernandez,Inaki'),
(438, '0', 1800, '2019-07-19 00:00:00', 9, 'Franco,Agustin'),
(439, '0', 1800, '2019-07-19 00:00:00', 9, 'Franco,Agustin'),
(440, '0', 1450, '2019-08-13 00:00:00', 9, 'Puglisi,Santiago'),
(441, '0', 1450, '2019-08-13 00:00:00', 9, 'Puglisi,Santiago'),
(442, '0', 1800, '2019-08-13 00:00:00', 9, 'Folcher,Gaston'),
(443, '0', 1800, '2019-08-13 00:00:00', 9, 'Fernandez,Rodrigo'),
(444, '0', 1450, '2019-08-13 00:00:00', 9, 'Raimondi,Mateo'),
(445, '0', 1450, '2019-08-13 00:00:00', 9, 'Lopez Manas,Ignacio'),
(446, '0', 1800, '2019-08-13 00:00:00', 9, 'Islas,Lucas'),
(447, '0', 1350, '2019-08-13 00:00:00', 9, 'Rodriguez,Lautaro'),
(448, '0', 700, '2019-08-13 00:00:00', 9, 'Rodriguez,Julian'),
(449, '0', 1800, '2019-08-21 00:00:00', 9, 'Varuzza,Julian'),
(450, '0', 1450, '2019-08-21 00:00:00', 9, 'Henderson,Guillermo'),
(451, '0', 1800, '2019-08-21 00:00:00', 9, 'Eciolaza,Emanuel'),
(452, '0', 1450, '2019-08-21 00:00:00', 9, 'Cesari,Tadeo'),
(453, '0', 1800, '2019-08-21 00:00:00', 9, 'Domecq,Carlos'),
(454, '0', 1800, '2019-08-21 00:00:00', 9, 'Fernandez ,Mario'),
(455, '0', 1800, '2019-08-21 00:00:00', 9, 'Fernandez ,Mario'),
(456, '0', 1800, '2019-08-21 00:00:00', 9, 'Fernandez ,Mario'),
(457, '0', 1800, '2019-08-21 00:00:00', 9, 'Fernandez ,Mario'),
(458, '0', 1800, '2019-08-25 00:00:00', 9, 'Pezzelato,Franco'),
(459, '0', 1800, '2019-08-25 00:00:00', 9, 'Whelan,Santiago'),
(460, '0', 1800, '2019-08-25 00:00:00', 9, 'Whelan,Santiago'),
(461, '0', 1450, '2019-08-30 00:00:00', 9, 'Cesari,Tadeo'),
(462, '0', 1450, '2019-08-30 00:00:00', 9, 'Cesari,Tadeo'),
(463, '0', 1450, '2019-08-30 00:00:00', 9, 'Murga,Tomas'),
(464, '0', 1800, '2019-08-30 00:00:00', 9, 'Rodriguez,Nahuel'),
(465, '0', 1450, '2019-08-30 00:00:00', 9, 'Fernandez,Inaki'),
(466, '0', 1450, '2019-08-30 00:00:00', 9, 'Silva,Mateo'),
(467, '0', 1800, '2019-08-31 00:00:00', 9, 'Torres,Rodrigo'),
(468, '0', 1800, '2019-08-31 00:00:00', 9, 'Ruiz,Joaquin'),
(469, '0', 1800, '2019-09-12 00:00:00', 9, 'Islas,Lucas'),
(470, '0', 1450, '2019-09-12 00:00:00', 9, 'Murga,Tomas'),
(471, '0', 1450, '2019-09-12 00:00:00', 9, 'Puglisi,Santiago'),
(472, '0', 1800, '2019-09-12 00:00:00', 9, 'Rodriguez,Nahuel'),
(473, '0', 1800, '2019-09-12 00:00:00', 9, 'Domecq,Carlos'),
(474, '0', 1800, '2019-09-12 00:00:00', 9, 'Pezzelato,Franco'),
(475, '0', 1450, '2019-09-12 00:00:00', 9, 'Rodriguez,Julian'),
(476, '0', 1800, '2019-09-12 00:00:00', 9, 'Rodriguez,Lautaro'),
(477, '0', 1800, '2019-09-12 00:00:00', 9, 'Whelan,Santiago'),
(478, '0', 1450, '2019-09-12 00:00:00', 9, 'Murga,Tomas'),
(479, '0', 1450, '2019-09-14 00:00:00', 9, 'Rondi,Bautista'),
(480, '0', 1450, '2019-09-14 00:00:00', 9, 'Rondi,Bautista'),
(481, '0', 1800, '2019-09-15 00:00:00', 9, 'Varuzza,Julian'),
(482, '0', 1800, '2019-09-15 00:00:00', 9, 'Vena,Juan Manuel'),
(483, '0', 1800, '2019-09-19 00:00:00', 9, 'Domecq,Carlos'),
(484, '0', 1800, '2019-09-23 00:00:00', 9, 'Eciolaza,Emanuel'),
(485, '0', 1450, '2019-09-23 00:00:00', 9, 'Henderson,Guillermo'),
(486, '0', 1800, '2019-09-26 00:00:00', 9, 'Ruiz,Joaquin'),
(487, '0', 1800, '2019-09-26 00:00:00', 9, 'Ruiz,Joaquin'),
(488, '0', 1800, '2019-09-26 00:00:00', 9, 'Torres,Rodrigo'),
(489, '0', 1800, '2019-09-26 00:00:00', 9, 'Franco,Agustin'),
(490, '0', 1800, '2019-09-26 00:00:00', 9, 'Franco,Agustin'),
(491, '0', 1900, '2019-09-26 00:00:00', 9, 'Franco,Agustin'),
(492, '0', 1800, '2019-09-26 00:00:00', 9, 'Fernandez,Rodrigo'),
(493, '0', 1800, '2019-09-26 00:00:00', 9, 'Fernandez,Rodrigo'),
(494, '0', 1450, '2019-09-27 00:00:00', 9, 'Lopez Manas,Ignacio'),
(495, '0', 1450, '2019-09-29 00:00:00', 9, 'Cesari,Tadeo'),
(496, '0', 1800, '2019-10-05 00:00:00', 9, 'Varuzza,Julian'),
(497, '0', 1450, '2019-10-05 00:00:00', 9, 'Henderson,Guillermo'),
(498, '0', 1800, '2019-10-05 00:00:00', 9, 'Islas,Lucas'),
(499, '0', 1800, '2019-10-10 00:00:00', 9, 'Ruiz,Joaquin'),
(500, '0', 1800, '2019-10-10 00:00:00', 9, 'Capurro,Nicolas'),
(501, '0', 1450, '2019-10-10 00:00:00', 9, 'Raimondi,Mateo'),
(502, '0', 1800, '2019-10-10 00:00:00', 9, 'Vena,Juan Manuel'),
(503, '0', 1450, '2019-10-11 00:00:00', 9, 'Rodriguez,Julian'),
(504, '0', 1800, '2019-10-13 00:00:00', 9, 'Fernandez ,Mario'),
(505, '0', 1900, '2019-10-13 00:00:00', 9, 'Fernandez ,Mario'),
(506, '0', 1900, '2019-10-13 00:00:00', 9, 'Fernandez ,Mario'),
(507, '0', 1900, '2019-10-13 00:00:00', 9, 'Fernandez,Rodrigo'),
(508, '0', 1450, '2019-10-13 00:00:00', 9, 'Silva,Mateo'),
(509, '0', 1800, '2019-10-25 00:00:00', 9, 'Rodriguez,Nahuel'),
(510, '0', 1800, '2019-10-25 00:00:00', 9, 'Capurro,Nicolas'),
(511, '0', 1450, '2019-10-25 00:00:00', 9, 'Rondi,Bautista'),
(512, '0', 1900, '2019-10-29 00:00:00', 9, 'Vena,Juan Manuel'),
(513, '0', 1550, '2019-10-29 00:00:00', 9, 'Henderson,Guillermo'),
(514, '0', 1900, '2019-10-30 00:00:00', 9, 'Whelan,Santiago'),
(515, '0', 1900, '2019-10-30 00:00:00', 9, 'Varuzza,Julian'),
(516, '0', 1550, '2019-11-01 00:00:00', 9, 'Murga,Tomas'),
(517, '0', 1550, '2019-11-01 00:00:00', 9, 'Lopez Manas,Ignacio'),
(518, '0', 1450, '2019-11-02 00:00:00', 9, 'Silva,Mateo'),
(519, '0', 1800, '2019-11-02 00:00:00', 9, 'Domecq,Carlos'),
(520, '0', 1900, '2019-11-02 00:00:00', 9, 'Domecq,Carlos'),
(521, '0', 1800, '2019-11-03 00:00:00', 9, 'Islas,Lucas'),
(522, '0', 1900, '2019-11-06 00:00:00', 9, 'Pezzelato,Franco'),
(523, '0', 1900, '2019-11-06 00:00:00', 9, 'Pezzelato,Franco'),
(524, '0', 1550, '2019-11-06 00:00:00', 9, 'Rodriguez,Julian'),
(525, '0', 1450, '2019-11-07 00:00:00', 9, 'Puglisi,Santiago'),
(526, '0', 1550, '2019-11-07 00:00:00', 9, 'Puglisi,Santiago'),
(527, '0', 1450, '2019-11-07 00:00:00', 9, 'Cesari,Tadeo'),
(528, '0', 1550, '2019-11-07 00:00:00', 9, 'Henderson,Guillermo'),
(529, '0', 1900, '2019-11-07 00:00:00', 9, 'Franco,Agustin'),
(530, '0', 1900, '2019-11-07 00:00:00', 9, 'Whelan,Santiago'),
(531, '0', 1900, '2019-11-07 00:00:00', 9, 'Ardusso,David'),
(532, '0', 1900, '2019-11-08 00:00:00', 9, 'Capurro,Nicolas'),
(533, '0', 1900, '2019-11-10 00:00:00', 9, 'Rodriguez,Nahuel'),
(534, '0', 1800, '2019-11-19 00:00:00', 9, 'Eciolaza,Emanuel'),
(535, '0', 1800, '2019-11-20 00:00:00', 9, 'Ruiz,Joaquin'),
(536, '0', 1900, '2019-11-20 00:00:00', 9, 'Ruiz,Joaquin'),
(537, '0', 1550, '2019-11-25 00:00:00', 9, 'Lopez Manas,Ignacio'),
(538, '0', 1900, '2019-11-27 00:00:00', 9, 'Domecq,Carlos'),
(539, '0', 1550, '2019-11-29 00:00:00', 9, 'Rodriguez,Julian'),
(540, '0', 1900, '2019-12-12 00:00:00', 9, 'Rodriguez,Nahuel'),
(541, '0', 900, '2019-12-12 00:00:00', 9, 'Rodriguez,Nahuel'),
(542, '0', 550, '2019-12-12 00:00:00', 9, 'Lopez Manas,Ignacio'),
(543, '0', 550, '2019-12-12 00:00:00', 9, 'Henderson,Guillermo'),
(544, '0', 1900, '2019-12-12 00:00:00', 9, 'Fernandez,Rodrigo'),
(545, '0', 900, '2019-12-12 00:00:00', 9, 'Fernandez,Rodrigo'),
(546, '0', 1450, '2019-12-12 00:00:00', 9, 'Silva,Mateo'),
(547, '0', 1900, '2019-12-12 00:00:00', 9, 'Varuzza,Julian'),
(548, '0', 900, '2019-12-12 00:00:00', 9, 'Varuzza,Julian'),
(549, '0', 1550, '2019-12-12 00:00:00', 9, 'Cesari,Tadeo'),
(550, '0', 900, '2019-12-17 00:00:00', 9, 'Pezzelato,Franco'),
(551, '0', 1900, '2019-12-20 00:00:00', 9, 'Ardusso,David'),
(552, '0', 1900, '2019-12-20 00:00:00', 9, 'Ardusso,David'),
(553, '0', 1900, '2019-12-20 00:00:00', 9, 'Whelan,Santiago'),
(554, '0', 900, '2019-12-26 00:00:00', 9, 'Domecq,Carlos'),
(555, '0', 900, '2019-12-26 00:00:00', 9, 'Franco,Agustin'),
(556, '0', 1550, '2019-12-26 00:00:00', 9, 'Cesari,Tadeo'),
(557, '0', 550, '2019-12-26 00:00:00', 9, 'Cesari,Tadeo'),
(558, '0', 1800, '2019-12-26 00:00:00', 9, 'De Leon,Gonzalo'),
(559, '0', 1550, '2019-12-26 00:00:00', 9, 'Murga,Tomas'),
(560, '0', 1900, '2019-12-27 00:00:00', 9, 'Capurro,Nicolas'),
(561, '0', 900, '2019-12-27 00:00:00', 9, 'Capurro,Nicolas'),
(562, '0', 1900, '2019-12-31 00:00:00', 9, 'Islas,Lucas'),
(563, '0', 1900, '2019-12-31 00:00:00', 9, 'Islas,Lucas'),
(564, '0', 900, '2019-12-31 00:00:00', 9, 'Islas,Lucas'),
(565, '0', 2200, '2020-01-10 00:00:00', 9, 'Martinez,Juan Cruz'),
(566, '0', 2200, '2020-01-10 00:00:00', 9, 'Tornini,Lucas'),
(567, '0', 2200, '2020-01-22 00:00:00', 9, 'Abal,Valentin'),
(568, '0', 2200, '2020-01-22 00:00:00', 9, 'Abal,Valentin'),
(569, '0', 2200, '2020-01-22 00:00:00', 9, 'Abal,Valentin'),
(576, '0', 2200, '2020-01-31 00:00:00', 9, 'Torres,Rodrigo'),
(571, '0', 2200, '2020-01-25 00:00:00', 9, 'Rodriguez,Nahuel'),
(572, '0', 2200, '2020-01-28 00:00:00', 9, 'Varuzza,Julian'),
(573, '0', 2200, '2020-01-28 00:00:00', 9, 'Fernandez,Rodrigo'),
(574, '0', 2200, '2020-01-28 00:00:00', 9, 'Ardusso,David'),
(575, '0', 1550, '2020-01-30 00:00:00', 9, 'Murga,Tomas'),
(577, '0', 2200, '2020-01-31 00:00:00', 9, 'Torres,Rodrigo'),
(578, '0', 900, '2020-01-31 00:00:00', 9, 'Torres,Rodrigo'),
(579, '0', 2200, '2020-01-31 00:00:00', 9, 'Torres,Rodrigo'),
(580, '0', 2200, '2020-01-31 00:00:00', 9, 'Torres,Rodrigo'),
(581, '0', 2200, '2020-01-31 00:00:00', 9, 'Whelan,Santiago'),
(582, '0', 1550, '2020-01-31 00:00:00', 9, 'Henderson,Guillermo'),
(583, '0', 2200, '2020-01-31 00:00:00', 9, 'Becco,Miguel'),
(584, '0', 800, '2020-01-31 00:00:00', 9, 'Franco,Agustin'),
(585, '0', 2200, '2020-02-02 00:00:00', 9, 'Domecq,Carlos'),
(586, '0', 1800, '2020-02-02 00:00:00', 9, 'Silva,Mateo'),
(587, '0', 550, '2020-02-02 00:00:00', 9, 'Silva,Mateo'),
(588, '0', 1650, '2020-02-02 00:00:00', 9, 'Rodriguez,Lautaro'),
(589, '0', 900, '2020-02-05 00:00:00', 9, 'Echeverria ,Federico'),
(590, '0', 1000, '2020-02-05 00:00:00', 9, 'Climente,Tiago'),
(591, '0', 900, '2020-02-05 00:00:00', 9, 'Santoro Sierra,Ezequiel'),
(592, '0', 2200, '2020-02-06 00:00:00', 9, 'Fernandez,Rodrigo'),
(593, '0', 1500, '2020-02-06 00:00:00', 9, 'Lopez Manas,Ignacio'),
(594, '0', 1800, '2020-02-06 00:00:00', 9, 'Lopez Manas,Ignacio'),
(595, '0', 2200, '2020-02-06 00:00:00', 9, 'Martinez,Juan Cruz'),
(596, '0', 1800, '2020-02-06 00:00:00', 9, 'Eciolaza,Emanuel'),
(597, '0', 2200, '2020-02-08 00:00:00', 9, 'Varuzza,Julian'),
(598, '0', 2200, '2020-02-08 00:00:00', 9, 'Tornini,Lucas'),
(599, '0', 2200, '2020-02-15 00:00:00', 9, 'Eciolaza,Emanuel'),
(600, '0', 1800, '2020-02-15 00:00:00', 9, 'Martino,Franco'),
(601, '0', 1800, '2020-02-15 00:00:00', 9, 'Martino,Franco'),
(602, '0', 1800, '2020-02-15 00:00:00', 9, 'Massenzio,Julian'),
(603, '0', 2200, '2020-02-15 00:00:00', 9, 'Becco,Miguel'),
(604, '0', 2200, '2020-02-17 00:00:00', 9, 'Rodriguez,Nahuel'),
(605, '0', 1650, '2020-02-17 00:00:00', 9, 'Rodriguez,Lautaro'),
(606, '0', 1550, '2020-02-17 00:00:00', 9, 'Rodriguez,Julian'),
(607, '0', 1800, '2020-02-17 00:00:00', 9, 'Rodriguez,Julian'),
(608, '0', 700, '2020-02-17 00:00:00', 9, 'Rodriguez,Julian'),
(609, '0', 2400, '2020-02-18 00:00:00', 9, 'Capurro,Nicolas'),
(610, '0', 2200, '2020-02-18 00:00:00', 9, 'Capurro,Nicolas'),
(611, '0', 1800, '2020-02-19 00:00:00', 9, 'Rondi,Bautista'),
(612, '0', 1800, '2020-02-19 00:00:00', 9, 'Rondi,Bautista'),
(613, '0', 2200, '2020-02-20 00:00:00', 9, 'Morales,Ezequiel'),
(614, '0', 2200, '2020-02-20 00:00:00', 9, 'Morales,Ezequiel'),
(615, '0', 1800, '2020-02-20 00:00:00', 9, 'Murga,Tomas'),
(616, '0', 1800, '2020-02-20 00:00:00', 9, 'Murga,Tomas'),
(617, '0', 2200, '2020-02-21 00:00:00', 9, 'Eciolaza,Emanuel'),
(618, '0', 1800, '2020-02-21 00:00:00', 9, 'Eciolaza,Emanuel'),
(619, '0', 1900, '2020-02-21 00:00:00', 9, 'Eciolaza,Emanuel'),
(620, '0', 1900, '2020-02-21 00:00:00', 9, 'Eciolaza,Emanuel'),
(621, '0', 1800, '2020-02-21 00:00:00', 9, 'Eciolaza,Emanuel'),
(622, '0', 1800, '2020-02-29 00:00:00', 9, 'Henderson,Guillermo'),
(623, '0', 2200, '2020-03-04 00:00:00', 9, 'Domecq,Carlos'),
(624, '0', 1800, '2020-03-05 00:00:00', 9, 'Martino,Franco'),
(625, '0', 1800, '2020-03-08 00:00:00', 9, 'Aquistapace,Juan Manuel'),
(626, '0', 1800, '2020-03-08 00:00:00', 9, 'Lopez Manas,Ignacio'),
(627, '0', 2200, '2020-03-08 00:00:00', 9, 'Gonzalez,Nicolas'),
(628, '0', 2200, '2020-03-08 00:00:00', 9, 'Martinez,Juan Cruz'),
(629, '0', 2200, '2020-03-10 00:00:00', 9, 'Rodriguez,Nahuel'),
(630, '0', 2200, '2020-03-10 00:00:00', 9, 'Rodriguez,Lautaro'),
(631, '0', 1800, '2020-03-10 00:00:00', 9, 'Rodriguez,Julian'),
(632, '0', 1550, '2020-03-10 00:00:00', 9, 'Raimondi,Mateo'),
(633, '0', 1550, '2020-03-10 00:00:00', 9, 'Raimondi,Mateo'),
(634, '0', 1550, '2020-03-10 00:00:00', 9, 'Raimondi,Mateo'),
(635, '0', 1800, '2020-03-10 00:00:00', 9, 'Raimondi,Mateo'),
(636, '0', 1800, '2020-03-10 00:00:00', 9, 'Raimondi,Mateo'),
(637, '0', 1800, '2020-03-10 00:00:00', 9, 'Raimondi,Mateo'),
(638, '0', 2200, '2020-03-11 00:00:00', 9, 'Becco,Miguel'),
(639, '0', 2200, '2020-03-16 00:00:00', 9, 'Fernandez,Rodrigo'),
(640, '0', 1550, '2020-03-16 00:00:00', 9, 'Puglisi,Santiago'),
(641, '0', 1550, '2020-03-16 00:00:00', 9, 'Puglisi,Santiago'),
(642, '0', 1800, '2020-03-16 00:00:00', 9, 'Puglisi,Santiago'),
(643, '0', 1800, '2020-03-16 00:00:00', 9, 'Puglisi,Santiago'),
(644, '0', 2200, '2020-03-16 00:00:00', 9, 'Islas,Lucas'),
(645, '0', 1800, '2020-03-16 00:00:00', 9, 'Rondi,Bautista'),
(646, '0', 2200, '2020-03-16 00:00:00', 9, 'Varuzza,Julian'),
(647, '0', 2200, '2020-03-16 00:00:00', 9, 'Torres,Rodrigo'),
(648, '0', 1800, '2020-03-16 00:00:00', 9, 'Henderson,Guillermo'),
(649, '0', 2200, '2020-03-16 00:00:00', 9, 'Capurro,Nicolas'),
(650, '0', 2200, '2020-04-06 00:00:00', 9, 'Domecq,Carlos'),
(651, '0', 1100, '2020-04-06 00:00:00', 9, 'Domecq,Carlos'),
(652, '0', 1100, '2020-04-06 00:00:00', 9, 'Domecq,Carlos'),
(653, '0', 1100, '2020-04-06 00:00:00', 9, 'Morales,Ezequiel'),
(654, '0', 1100, '2020-04-06 00:00:00', 9, 'Morales,Ezequiel'),
(655, '0', 900, '2020-04-06 00:00:00', 9, 'Lopez Manas,Ignacio'),
(656, '0', 900, '2020-04-06 00:00:00', 9, 'Lopez Manas,Ignacio'),
(657, '0', 2200, '2020-04-07 00:00:00', 9, 'Abal,Valentin'),
(658, '0', 1100, '2020-04-07 00:00:00', 9, 'Eciolaza,Emanuel'),
(659, '0', 1100, '2020-04-09 00:00:00', 9, 'Rodriguez,Nahuel'),
(660, '0', 800, '2020-04-09 00:00:00', 9, 'Rodriguez,Lautaro'),
(661, '0', 400, '2020-04-09 00:00:00', 9, 'Rodriguez,Lautaro'),
(662, '0', 400, '2020-04-09 00:00:00', 9, 'Rodriguez,Lautaro'),
(663, '0', 700, '2020-04-09 00:00:00', 9, 'Rodriguez,Julian'),
(664, '0', 1700, '2020-04-12 00:00:00', 9, 'Testa,Mateo'),
(665, '0', 1450, '2020-04-12 00:00:00', 9, 'Testa,Mateo'),
(666, '0', 300, '2020-04-12 00:00:00', 9, 'Basualdo,Pablo'),
(667, '0', 300, '2020-04-12 00:00:00', 9, 'Basualdo,Pablo'),
(668, '0', 800, '2020-04-12 00:00:00', 9, 'Basualdo,Pablo'),
(669, '0', 400, '2020-04-12 00:00:00', 9, 'Basualdo,Pablo'),
(670, '0', 300, '2020-04-12 00:00:00', 9, 'Basualdo,Alejandro'),
(671, '0', 300, '2020-04-12 00:00:00', 9, 'Basualdo,Alejandro'),
(672, '0', 800, '2020-04-12 00:00:00', 9, 'Basualdo,Alejandro'),
(673, '0', 400, '2020-04-12 00:00:00', 9, 'Basualdo,Alejandro'),
(674, '0', 300, '2020-04-12 00:00:00', 9, 'Vazquez,Walter'),
(675, '0', 300, '2020-04-12 00:00:00', 9, 'Vazquez,Walter'),
(676, '0', 800, '2020-04-12 00:00:00', 9, 'Vazquez,Walter'),
(677, '0', 400, '2020-04-12 00:00:00', 9, 'Vazquez,Walter'),
(678, '0', 300, '2020-04-12 00:00:00', 9, 'Garcia,Diego'),
(679, '0', 300, '2020-04-12 00:00:00', 9, 'Garcia,Diego'),
(680, '0', 800, '2020-04-12 00:00:00', 9, 'Garcia,Diego'),
(681, '0', 300, '2020-04-12 00:00:00', 9, 'Garcia,Diego'),
(682, '0', 300, '2020-04-12 00:00:00', 9, 'Garcia,Diego'),
(683, '0', 400, '2020-04-12 00:00:00', 9, 'Garcia,Diego'),
(684, '0', 400, '2020-04-12 00:00:00', 9, 'Garcia,Diego'),
(685, '0', 300, '2020-04-12 00:00:00', 9, 'Latcherre,Matias'),
(686, '0', 300, '2020-04-12 00:00:00', 9, 'Latcherre,Matias'),
(687, '0', 800, '2020-04-12 00:00:00', 9, 'Latcherre,Matias'),
(688, '0', 400, '2020-04-12 00:00:00', 9, 'Latcherre,Matias'),
(689, '0', 300, '2020-04-12 00:00:00', 9, 'Rodriguez,Mariano'),
(690, '0', 300, '2020-04-12 00:00:00', 9, 'Rodriguez,Mariano'),
(691, '0', 800, '2020-04-12 00:00:00', 9, 'Rodriguez,Mariano'),
(692, '0', 300, '2020-04-12 00:00:00', 9, 'Pagnussat,Pablo'),
(693, '0', 300, '2020-04-12 00:00:00', 9, 'Pagnussat,Pablo'),
(694, '0', 800, '2020-04-12 00:00:00', 9, 'Pagnussat,Pablo'),
(695, '0', 300, '2020-04-12 00:00:00', 9, 'Munoz,Rodolfo'),
(696, '0', 300, '2020-04-12 00:00:00', 9, 'Munoz,Rodolfo'),
(697, '0', 800, '2020-04-12 00:00:00', 9, 'Munoz,Rodolfo'),
(698, '0', 300, '2020-04-12 00:00:00', 9, 'Ceratto,Marcelo'),
(699, '0', 300, '2020-04-12 00:00:00', 9, 'Ceratto,Marcelo'),
(700, '0', 800, '2020-04-12 00:00:00', 9, 'Ceratto,Marcelo'),
(701, '0', 400, '2020-04-12 00:00:00', 9, 'Ceratto,Marcelo'),
(702, '0', 1900, '2020-04-12 00:00:00', 9, 'Vena,Juan Manuel'),
(703, '0', 400, '2020-04-12 00:00:00', 9, 'Eciolaza,Carlos'),
(704, '0', 900, '2020-04-12 00:00:00', 9, 'Vena,Juan Manuel'),
(705, '0', 300, '2020-04-12 00:00:00', 9, 'Vena,Juan Manuel'),
(706, '0', 300, '2020-04-12 00:00:00', 9, 'Vena,Juan Manuel'),
(707, '0', 800, '2020-04-12 00:00:00', 9, 'Vena,Juan Manuel'),
(708, '0', 400, '2020-04-12 00:00:00', 9, 'Vena,Juan Manuel'),
(709, '0', 1000, '2020-04-15 00:00:00', 9, 'Carpinelli ,Tomas'),
(710, '0', 1500, '2020-04-15 00:00:00', 9, 'Carpinelli ,Tomas'),
(711, '0', 1500, '2020-04-15 00:00:00', 9, 'Climente,Tiago'),
(712, '0', 1500, '2020-04-15 00:00:00', 9, 'Climente,Tiago'),
(713, '0', 750, '2020-04-15 00:00:00', 9, 'Climente,Tiago'),
(714, '0', 1350, '2020-04-15 00:00:00', 9, 'Garcia Grua,Felipe'),
(715, '0', 1500, '2020-04-15 00:00:00', 9, 'Garcia Grua,Felipe'),
(716, '0', 1500, '2020-04-15 00:00:00', 9, 'Garcia Grua,Felipe'),
(717, '0', 750, '2020-04-15 00:00:00', 9, 'Garcia Grua,Felipe'),
(718, '0', 1000, '2020-04-15 00:00:00', 9, 'Vega ,Lucio'),
(719, '0', 1500, '2020-04-15 00:00:00', 9, 'Vega ,Lucio'),
(720, '0', 1500, '2020-04-15 00:00:00', 9, 'Vega ,Lucio'),
(721, '0', 750, '2020-04-15 00:00:00', 9, 'Vega ,Lucio'),
(722, '0', 1000, '2020-04-15 00:00:00', 9, 'Cabrero,Tomas'),
(723, '0', 1500, '2020-04-15 00:00:00', 9, 'Cabrero,Tomas'),
(724, '0', 1500, '2020-04-15 00:00:00', 9, 'Cabrero,Tomas'),
(725, '0', 750, '2020-04-15 00:00:00', 9, 'Cabrero,Tomas'),
(726, '0', 1450, '2020-04-15 00:00:00', 9, 'Kruk de Salazar,Joaquin'),
(727, '0', 1700, '2020-04-15 00:00:00', 9, 'Kruk de Salazar,Joaquin'),
(728, '0', 1700, '2020-04-15 00:00:00', 9, 'Kruk de Salazar,Joaquin'),
(729, '0', 850, '2020-04-15 00:00:00', 9, 'Kruk de Salazar,Joaquin'),
(730, '0', 1500, '2020-04-15 00:00:00', 9, 'Testa,Mateo'),
(731, '0', 1700, '2020-04-15 00:00:00', 9, 'Testa,Mateo'),
(732, '0', 1700, '2020-04-15 00:00:00', 9, 'Testa,Mateo'),
(733, '0', 850, '2020-04-15 00:00:00', 9, 'Testa,Mateo'),
(734, '0', 1450, '2020-04-15 00:00:00', 9, 'Machado,Franco'),
(735, '0', 1700, '2020-04-15 00:00:00', 9, 'Machado,Franco'),
(736, '0', 1450, '2020-04-15 00:00:00', 9, 'Suarez Fuguet,Lautaro'),
(737, '0', 1700, '2020-04-15 00:00:00', 9, 'Suarez Fuguet,Lautaro'),
(738, '0', 1700, '2020-04-15 00:00:00', 9, 'Suarez Fuguet,Lautaro'),
(739, '0', 850, '2020-04-15 00:00:00', 9, 'Suarez Fuguet,Lautaro'),
(740, '0', 1350, '2020-04-15 00:00:00', 9, 'Ruiz ,Lucas'),
(741, '0', 1700, '2020-04-15 00:00:00', 9, 'Ruiz ,Lucas'),
(742, '0', 1450, '2020-04-15 00:00:00', 9, 'Barrionuevo,Thiago'),
(743, '0', 1700, '2020-04-15 00:00:00', 9, 'Barrionuevo,Thiago'),
(744, '0', 1700, '2020-04-15 00:00:00', 9, 'Barrionuevo,Thiago'),
(745, '0', 1100, '2020-04-15 00:00:00', 9, 'Cesari Martinez,Nehuen'),
(746, '0', 1700, '2020-04-15 00:00:00', 9, 'Cesari Martinez,Nehuen'),
(747, '0', 1700, '2020-04-15 00:00:00', 9, 'Cesari Martinez,Nehuen'),
(748, '0', 900, '2020-04-16 00:00:00', 9, 'Echeverria ,Federico');

-- --------------------------------------------------------

--
-- Estructura de tabla para la tabla `personas`
--

DROP TABLE IF EXISTS `personas`;
CREATE TABLE IF NOT EXISTS `personas` (
  `id_persona` int(11) NOT NULL AUTO_INCREMENT,
  `nombre` varchar(100) COLLATE utf8_spanish_ci NOT NULL,
  `apellido` varchar(100) COLLATE utf8_spanish_ci NOT NULL,
  `telefono` varchar(30) COLLATE utf8_spanish_ci DEFAULT NULL,
  `dni` varchar(10) COLLATE utf8_spanish_ci DEFAULT NULL,
  `sexo` varchar(50) COLLATE utf8_spanish_ci DEFAULT NULL,
  `direccion` varchar(60) COLLATE utf8_spanish_ci DEFAULT NULL,
  `id_localidad` int(11) DEFAULT NULL,
  `id_provincia` int(11) DEFAULT NULL,
  `mail` varchar(100) COLLATE utf8_spanish_ci DEFAULT NULL,
  `id_tipo_persona` int(11) NOT NULL,
  `fecha_nac` date DEFAULT NULL,
  `fecha_alta` date DEFAULT NULL,
  `fecha_baja` date DEFAULT NULL,
  `id_tipo_socio` int(11) DEFAULT NULL,
  `id_tipo_cuota` int(11) DEFAULT NULL,
  `descuento_cuota` varchar(255) COLLATE utf8_spanish_ci NOT NULL,
  `id_deporte` int(11) DEFAULT NULL,
  `id_estado` int(11) DEFAULT NULL,
  `id_club` int(11) DEFAULT NULL,
  `socio_numero` int(11) DEFAULT NULL,
  PRIMARY KEY (`id_persona`),
  KEY `id_ciudad` (`id_localidad`),
  KEY `id_provincia` (`id_provincia`),
  KEY `id_tipo_persona` (`id_tipo_persona`),
  KEY `id_tipo_socio` (`id_tipo_socio`),
  KEY `id_tipo_cuota` (`id_tipo_cuota`),
  KEY `id_deporte` (`id_deporte`),
  KEY `id_estado` (`id_estado`),
  KEY `id_club` (`id_club`)
) ENGINE=MyISAM AUTO_INCREMENT=157 DEFAULT CHARSET=utf8 COLLATE=utf8_spanish_ci;

--
-- Volcado de datos para la tabla `personas`
--

INSERT INTO `personas` (`id_persona`, `nombre`, `apellido`, `telefono`, `dni`, `sexo`, `direccion`, `id_localidad`, `id_provincia`, `mail`, `id_tipo_persona`, `fecha_nac`, `fecha_alta`, `fecha_baja`, `id_tipo_socio`, `id_tipo_cuota`, `descuento_cuota`, `id_deporte`, `id_estado`, `id_club`, `socio_numero`) VALUES
(1, 'David', 'Ardusso', '2235601577', '29141835', 'M', 'Cardiel 7456', 1, 1, 'dardusso23@gmail.com', 1, '1981-11-09', NULL, '2020-05-02', 1, 7, '', NULL, 2, NULL, 1),
(2, 'Santiago Alberto', 'Whelan', '2234222854', '27417515', 'M', '', 1, 1, '', 1, '1979-11-09', '2019-01-01', NULL, 1, 7, '', NULL, 1, NULL, 2),
(3, 'Nicolas', 'Capurro', '', '28801781', 'M', '', 1, 1, '', 1, '1981-04-09', '2018-01-01', NULL, 1, 7, '', NULL, 1, NULL, 3),
(4, 'Carlos', 'Domecq', '', '33646247', 'M', '', 1, 1, '', 1, '1988-05-01', '2019-01-01', NULL, 1, 7, '', NULL, 1, NULL, 4),
(5, 'Diego Martin', 'Grill', '2235057889', '28102807', 'M', 'della paolera 1115 ', 1, 1, 'grilldiego@hotmail.com', 1, '1980-05-02', '2018-01-01', NULL, 1, 7, '', NULL, 1, NULL, 5),
(7, 'Franco', 'Pezzelato', '', '27087281', 'M', '', 1, 1, '', 1, '1979-01-11', '2020-01-01', NULL, 1, 19, '', NULL, 1, NULL, 7),
(8, 'Valentin', 'Abal', '', '35621147', 'M', '', 1, 1, '', 1, '1991-03-14', '2018-01-01', NULL, 1, 7, '', NULL, 1, NULL, 8),
(9, 'Emanuel', 'Eciolaza', '', '40831424', 'M', '', 1, 1, '', 1, '1997-11-24', '2018-01-01', NULL, 1, 7, '', NULL, 1, NULL, 9),
(10, 'Diego', 'Marziali', '', '36616775', 'M', '', 1, 1, '', 1, '1992-01-29', '2019-01-01', NULL, 1, 19, '', NULL, 1, NULL, 10),
(11, 'Lucas', 'Marziali', '', '38145723', 'M', '', 1, 1, '', 1, '1993-12-26', NULL, '2019-02-27', 1, 7, '', NULL, 2, NULL, 11),
(12, 'Nahuel', 'Rodriguez', '', '36616552', 'M', '', 1, 1, '', 1, '1992-01-31', '2018-01-01', NULL, 1, 7, '', NULL, 1, NULL, 12),
(13, 'Lautaro', 'Rodriguez', '', '39850166', 'M', '', 1, 1, '', 1, '1996-08-17', '2018-01-01', NULL, 1, 7, '', NULL, 1, NULL, 13),
(14, 'Rodrigo', 'Torres', '', '36780981', 'M', '', 1, 1, '', 1, '1992-03-21', '2019-01-01', NULL, 1, 7, '', NULL, 1, NULL, 14),
(15, 'Julian', 'Varuzza', '', '28323970', 'M', '', 1, 1, '', 1, '1980-07-06', '2018-01-01', NULL, 1, 7, '', NULL, 1, NULL, 15),
(17, 'Rodrigo', 'Fernandez', '', '37405333', 'M', '', 1, 1, '', 1, '1992-06-20', '2020-01-01', NULL, 1, 7, '', NULL, 1, NULL, 17),
(18, 'Agustin', 'Franco', '', '34851529', 'M', '', 1, 1, '', 1, '1989-11-02', '2018-01-01', NULL, 1, 23, '', NULL, 1, NULL, 18),
(19, 'Lucas', 'Islas', '', '36363790', 'M', '', 1, 1, '', 1, '1990-07-29', '2018-01-01', NULL, 1, 7, '', NULL, 1, NULL, 19),
(20, 'Juan Cruz', 'Martinez', '', '39338312', 'M', '', 1, 1, '', 1, '1996-02-09', '2018-01-01', NULL, 1, 7, '', NULL, 1, NULL, 20),
(21, 'Ezequiel', 'Morales', '2235636012', '39671530', 'M', '', 1, 1, 'ezequielmorales5@icloud.com', 1, '1996-05-12', '2018-01-01', NULL, 1, 7, '', NULL, 1, NULL, 21),
(23, 'Pablo', 'Norberto', '', '28878221', 'M', '', 1, 1, '', 1, '1981-05-12', '2018-01-01', NULL, 1, 19, '', NULL, 1, NULL, 23),
(27, 'Gaston', 'Folcher', '', '40758911', 'M', '', 1, 1, '', 1, '1997-09-19', '2020-03-01', NULL, 1, 23, '', NULL, 1, NULL, 27),
(105, 'Bianca Lucia', 'Martino', '', '39873583', 'F', '', 1, 1, '', 1, '1996-12-11', '2020-02-01', NULL, 1, 19, '', NULL, 1, NULL, 98),
(77, 'Ezequiel', 'Santoro Sierra', '', '48506984', 'M', '', 1, 1, '', 1, '2008-03-11', '2020-01-06', NULL, 1, 19, '', NULL, 1, NULL, 70),
(35, 'Mario', 'Fernandez ', '', '30547659', 'M', '', 1, 1, '', 1, '1986-04-06', '2020-01-01', NULL, 1, 23, '', NULL, 1, NULL, 32),
(36, 'Juan Manuel', 'Vena', '', '30947040', 'M', '', 1, 1, '', 1, '1984-08-01', '2020-01-01', NULL, 1, 23, '', NULL, 1, NULL, 33),
(37, 'Santiago', 'Puglisi', '', '43457088', 'M', '', 1, 1, '', 1, '2001-06-15', '2019-01-01', NULL, 1, 6, '', NULL, 1, NULL, 34),
(38, 'Guillermo', 'Henderson', '', '43246212', 'M', '', 1, 1, '', 1, '2001-01-21', '2019-01-01', NULL, 1, 6, '', NULL, 1, NULL, 35),
(39, 'Julian', 'Rodriguez', '', '42946338', 'M', '', 1, 1, '', 1, '2000-08-22', '2019-01-01', NULL, 1, 7, '', NULL, 1, NULL, 36),
(40, 'Bautista', 'Rondi', '', '43456670', 'M', '', 1, 1, '', 1, '2001-04-27', '2019-01-01', NULL, 1, 6, '', NULL, 1, NULL, 37),
(41, 'Julian', 'Massenzio', '', '44265082', 'M', '', 1, 1, '', 1, '2002-08-09', '2019-01-01', NULL, 1, 6, '', NULL, 1, NULL, 38),
(42, 'Tadeo', 'Cesari', '', '44336483', 'M', '', 1, 1, '', 1, '2002-07-22', '2019-01-01', NULL, 1, 19, '', NULL, 1, NULL, 39),
(44, 'Tomas', 'Murga', '', '44417321', 'M', '', 1, 1, '', 1, '2002-08-29', '2019-01-01', NULL, 1, 6, '', NULL, 1, NULL, 41),
(45, 'Mateo', 'Raimondi', '', '44415251', 'M', '', 1, 1, '', 1, '2002-09-17', '2019-01-01', NULL, 1, 6, '', NULL, 1, NULL, 42),
(46, 'Mateo', 'Silva', '', '44534862', 'M', '', 1, 1, '', 1, '2002-10-31', NULL, '2020-04-10', 1, 6, '', NULL, 2, NULL, 43),
(47, 'Ignacio', 'Lopez Manas', '', '44460176', 'M', '', 1, 1, '', 1, '2002-09-12', '2019-01-01', NULL, 1, 6, '', NULL, 1, NULL, 44),
(76, 'Miguel', 'Becco', '', '41855749', 'M', '', 1, 1, '', 1, '1998-12-04', '2020-01-01', NULL, 1, 7, '', NULL, 1, NULL, 69),
(54, 'Franco', 'Martino', '', '44860957', 'M', '', 1, 1, '', 1, '2003-06-04', '2019-01-06', NULL, 1, 6, '', NULL, 1, NULL, 47),
(107, 'Manon', 'Sanchez', '', '42416421', 'F', '', 1, 1, '', 1, '2000-02-05', '2020-02-01', NULL, 1, 20, '', NULL, 1, NULL, 100),
(56, 'Juan Manuel', 'Aquistapace', '', '44859858', 'M', '', 1, 1, '', 1, '2003-05-04', '2019-01-06', NULL, 1, 6, '', NULL, 1, NULL, 49),
(106, 'Rocio Florencia', 'Enrique', '', '39197447', 'F', '', 1, 1, '', 1, '1996-04-11', '2020-02-01', NULL, 1, 19, '', NULL, 1, NULL, 99),
(58, 'Joaquin', 'Kruk de Salazar', '', '46420412', 'M', '', 1, 1, '', 1, '2004-11-25', '2019-01-06', NULL, 1, 5, '', NULL, 1, NULL, 51),
(59, 'Thiago', 'Barrionuevo', '', '46277445', 'M', '', 1, 1, '', 1, '2004-12-03', '2019-01-06', NULL, 1, 5, '', NULL, 1, NULL, 52),
(60, 'Nehuen', 'Cesari Martinez', '', '46564815', 'M', '', 1, 1, '', 1, '2004-11-08', '2019-01-06', NULL, 1, 5, '', NULL, 1, NULL, 53),
(61, 'Franco', 'Machado', '', '45922582', 'M', '', 1, 1, '', 1, '2004-07-01', '2019-01-06', NULL, 1, 5, '', NULL, 1, NULL, 54),
(62, 'Joaquin', 'Spinelli', '', '45621789', 'M', '', 1, 1, '', 1, '2004-11-12', '2019-01-06', NULL, 1, 5, '', NULL, 1, NULL, 55),
(63, 'Lautaro', 'Suarez Fuguet', '', '46738975', 'M', '', 1, 1, '', 1, '2005-06-06', '2019-01-06', NULL, 1, 5, '', NULL, 1, NULL, 56),
(64, 'Lucas', 'Ruiz ', '', '46734613', 'M', '', 1, 1, '', 1, '2005-06-28', '2019-01-06', NULL, 1, 5, '', NULL, 1, NULL, 57),
(65, 'Mateo', 'Fauszleger', '', '46420412', 'M', '', 1, 1, '', 1, '2004-11-28', '2020-01-06', NULL, 1, 5, '', NULL, 1, NULL, 58),
(66, 'Martin', 'Tonn', '', '48223247', 'M', '', 1, 1, '', 1, '2007-08-13', NULL, '2020-04-10', 1, 4, '', NULL, 2, NULL, 59),
(67, 'Tiago', 'Climente', '', '47828010', 'M', '', 1, 1, '', 1, '2007-01-10', '2019-01-06', NULL, 1, 4, '', NULL, 1, NULL, 60),
(68, 'Felipe', 'Garcia Grua', '', '47510311', 'M', '', 1, 1, '', 1, '2006-09-01', '2019-01-06', NULL, 1, 4, '', NULL, 1, NULL, 61),
(69, 'Lucio', 'Vega ', '', '48029456', 'M', '', 1, 1, '', 1, '2007-05-05', '2019-05-04', NULL, 1, 4, '', NULL, 1, NULL, 62),
(70, 'Tomas', 'Cabrero', '', '48223995', 'M', '', 1, 1, '', 1, '2007-09-07', '2019-09-01', NULL, 1, 4, '', NULL, 1, NULL, 63),
(71, 'Bautista', 'Oliver', '', '47510215', 'M', '', 1, 1, '', 1, '2006-09-01', '2019-01-06', NULL, 1, 4, '', NULL, 1, NULL, 64),
(73, 'Valentin', 'Ongarini', '', '47341903', 'M', '', 1, 1, '', 1, '2006-05-05', '2019-01-06', NULL, 1, 4, '', NULL, 1, NULL, 66),
(108, 'Antonela', 'Esquivel', '', '42958250', 'F', '', 1, 1, '', 1, '2000-09-16', '2020-02-01', NULL, 1, 20, '', NULL, 1, NULL, 101),
(75, 'Lucas', 'Tornini', '', '25107309', 'M', '', 1, 1, '', 1, '1976-01-21', '2020-01-01', NULL, 1, 7, '', NULL, 1, NULL, 68),
(78, 'Joaquin', 'Pineda', '', '48980166', 'M', '', 1, 1, '', 1, '2008-12-23', '2020-01-06', NULL, 1, 3, '', NULL, 1, NULL, 71),
(79, 'Lucas', 'Casquero', '', '49527012', 'M', '', 1, 1, '', 1, '2008-05-31', '2020-01-06', NULL, 1, 3, '', NULL, 1, NULL, 72),
(80, 'Ramiro ', 'Olivarez ', '', '48980273', 'M', '', 1, 1, '', 1, '2009-03-06', '2020-01-06', NULL, 1, 3, '', NULL, 1, NULL, 73),
(81, 'Fernando', 'Tonn', '', '49675878', 'M', '', 1, 1, '', 1, '2009-09-13', '2020-01-06', NULL, 1, 3, '', NULL, 1, NULL, 74),
(82, 'Tomas', 'Spenelli', '', '51336722', 'M', '', 1, 1, '', 1, '2011-10-13', '2020-01-06', NULL, 1, 2, '', NULL, 1, NULL, 75),
(83, 'Benjamin', 'Pertuzo', '', '50076247', 'M', '', 1, 1, '', 1, '2010-02-07', '2020-01-06', NULL, 1, 2, '', NULL, 1, NULL, 76),
(84, 'Santiago', 'Villalba', '', '47062947', 'M', '', 1, 1, '', 1, '2005-12-08', '2020-01-06', NULL, 1, 5, '', NULL, 1, NULL, 77),
(85, 'Mateo', 'Testa', '', '45820453', 'M', '', 1, 1, '', 1, '2004-07-30', '2020-01-06', NULL, 1, 5, '', NULL, 1, NULL, 78),
(86, 'Agustin', 'Garcia Latapie', '', '46112231', 'M', '', 1, 1, '', 1, '0000-00-00', '2020-01-06', NULL, 1, 5, '', NULL, 1, NULL, 79),
(87, 'Tomas', 'Carpinelli ', '', '48160481', 'M', '', 1, 1, '', 1, '2007-07-08', '2020-01-06', NULL, 1, 4, '', NULL, 1, NULL, 80),
(88, 'Vicente', 'Loustau', '', '49528313', 'M', '', 1, 1, '', 1, '2009-02-23', '2020-01-06', NULL, 1, 3, '', NULL, 1, NULL, 81),
(89, 'Federico', 'Echeverria ', '', '49675823', 'M', '', 1, 1, '', 1, '2009-09-06', '2020-01-01', NULL, 1, 3, '', NULL, 1, NULL, 82),
(90, 'Celso', 'Gomez ', '', '49323821', 'M', '', 1, 1, '', 1, '2009-09-25', '2020-01-06', NULL, 1, 3, '', NULL, 1, NULL, 83),
(91, 'Nicolas', 'Gonzalez', '', '11111111', 'M', '', 1, 1, '', 1, '2019-10-08', '2020-02-01', NULL, 1, 7, '', NULL, 1, NULL, 84),
(92, 'Nehuen', 'Lobato', '', '39766520', 'M', '', 1, 1, '', 1, '1996-09-09', '2020-02-01', NULL, 1, 7, '', NULL, 1, NULL, 85),
(93, 'Pablo', 'Basualdo', '', '23313243', 'M', '', 1, 1, '', 1, '1973-04-16', '2020-01-01', NULL, 1, 23, '', NULL, 1, NULL, 86),
(94, 'Alejandro', 'Basualdo', '', '29280126', 'M', '', 1, 1, '', 1, '1982-01-08', '2020-01-01', NULL, 1, 23, '', NULL, 1, NULL, 87),
(95, 'Pablo', 'Pagnussat', '', '23971245', 'M', '', 1, 1, '', 1, '1975-01-16', '2020-01-01', NULL, 1, 23, '', NULL, 1, NULL, 88),
(96, 'Marcelo', 'Ceratto', '', '17871326', 'M', '', 1, 1, '', 1, '1966-03-13', '2020-01-01', NULL, 1, 23, '', NULL, 1, NULL, 89),
(97, 'Walter', 'Vazquez', '', '23232555', 'M', '', 1, 1, '', 1, '1973-09-27', '2020-01-01', NULL, 1, 23, '', NULL, 1, NULL, 90),
(98, 'Diego', 'Garcia', '', '23479632', 'M', '', 1, 1, '', 1, '2020-01-01', '2020-01-01', NULL, 1, 23, '', NULL, 1, NULL, 91),
(99, 'Matias', 'Latcherre', '', '27417106', 'M', '', 1, 1, '', 1, '2020-01-01', '2020-01-01', NULL, 1, 23, '', NULL, 1, NULL, 92),
(100, 'Rodolfo', 'Munoz', '', '22675785', 'M', '', 1, 1, '', 1, '2020-01-01', '2020-01-01', NULL, 1, 23, '', NULL, 1, NULL, 93),
(101, 'Matias', 'Sanchez', '', '30450966', 'M', '', 1, 1, '', 1, '2020-01-01', '2020-01-01', NULL, 1, 23, '', NULL, 1, NULL, 94),
(102, 'Lucas', 'Torres', '', '30296074', 'M', '', 1, 1, '', 1, '2020-01-01', '2020-01-01', NULL, 1, 23, '', NULL, 1, NULL, 95),
(103, 'Mariano', 'Rodriguez', '', '35203473', 'M', '', 1, 1, '', 1, '2020-01-01', '2020-01-01', NULL, 1, 23, '', NULL, 1, NULL, 96),
(6, 'Carlos', 'Eciolaza', '', '123123123', 'M', '', 1, 1, '', 1, '2020-04-01', '2020-04-01', NULL, 1, 23, '', NULL, 1, NULL, 97),
(109, 'Fabiana', 'Palavecino', '', '27678945', 'F', '', 1, 1, '', 1, '1979-10-06', '2020-02-01', NULL, 1, 20, '', NULL, 1, NULL, 102),
(110, 'Lorena', 'Vinas', '', '28137793', 'F', '', 1, 1, '', 1, '1980-08-16', '2020-02-01', NULL, 1, 20, '', NULL, 1, NULL, 103),
(111, 'Maria', 'Figueroa', '', '32017537', 'F', '', 1, 1, '', 1, '0000-00-00', '2020-02-01', NULL, 1, 20, '', NULL, 1, NULL, 104),
(112, 'Iara', 'Ariza', '', '40865073', 'F', '', 1, 1, '', 1, '1997-10-23', '2020-02-01', NULL, 1, 20, '', NULL, 1, NULL, 105),
(113, 'Julieta', 'Buroni', '', '27417351', 'M', '', 1, 1, '', 1, '1979-10-19', '2020-02-01', NULL, 1, 20, '', NULL, 1, NULL, 106),
(114, 'Elsa Anabella', 'Espindola', '', '26008686', 'F', '', 1, 1, '', 1, '1977-06-21', '2020-02-01', NULL, 1, 20, '', NULL, 1, NULL, 107),
(115, 'Silvia', 'Lizarraga', '', '30538789', 'F', '', 1, 1, '', 1, '1984-04-28', '2020-02-01', NULL, 1, 19, '', NULL, 1, NULL, 108),
(116, 'Viviana', 'Lizarraga', '', '33671315', 'F', '', 1, 1, '', 1, '1988-07-28', '2020-02-01', NULL, 1, 20, '', NULL, 1, NULL, 109),
(117, 'Brisa', 'Andrada', '', '43456503', 'F', '', 1, 1, '', 1, '2001-05-22', '2020-02-01', NULL, 1, 20, '', NULL, 1, NULL, 110),
(118, 'Maria', 'Anaya', '', '1', 'F', '', 1, 1, '', 1, '2003-01-04', '2020-02-01', NULL, 1, 20, '', NULL, 1, NULL, 111),
(119, 'Agustina', 'Bataglia', '', '44336985', 'F', '', 1, 1, '', 1, '2002-11-30', '2020-02-01', NULL, 1, 19, '', NULL, 1, NULL, 112),
(120, 'Julieta', 'Fernandez', '', '44858848', 'F', '', 1, 1, '', 1, '2002-09-18', '2020-02-01', NULL, 1, 20, '', NULL, 1, NULL, 113),
(121, 'Paula', 'Gernaudo', '', '43855712', 'F', '', 1, 1, '', 1, '2001-12-27', '2020-02-01', NULL, 1, 20, '', NULL, 1, NULL, 114),
(122, 'Ana Lucia', 'Gimenez', '', '43303004', 'F', '', 1, 1, '', 1, '2001-03-07', '2020-02-01', NULL, 1, 20, '', NULL, 1, NULL, 115),
(123, 'Ornela', 'Lorenzatto', '', '43784133', 'F', '', 1, 1, '', 1, '2001-10-17', '2020-02-01', NULL, 1, 20, '', NULL, 1, NULL, 116),
(124, 'Anabela', 'Lorenzatto', '', '44859907', 'F', '', 1, 1, '', 1, '2003-05-24', '2020-02-01', NULL, 1, 20, '', NULL, 1, NULL, 117),
(125, 'Malena', 'Maraz', '', '42748617', 'F', '', 1, 1, '', 1, '2001-01-10', '2020-02-01', NULL, 1, 20, '', NULL, 1, NULL, 118),
(126, 'Yamila', 'Pintos', '', '44145764', 'M', '', 1, 1, '', 1, '2002-07-19', '2020-02-01', NULL, 1, 20, '', NULL, 1, NULL, 119),
(127, 'Aylen', 'Junco', '', '45291439', 'F', '', 1, 1, '', 1, '2003-10-02', '2020-02-01', NULL, 1, 20, '', NULL, 1, NULL, 120),
(128, 'Camila', 'De Leon', '', '43017982', 'F', '', 1, 1, '', 1, '2003-05-10', '2020-02-01', NULL, 1, 20, '', NULL, 1, NULL, 121),
(129, 'Lara Ayelen', 'Gomez Fernandez', '', '44336029', 'F', '', 1, 1, '', 1, '2002-08-07', '2020-02-01', NULL, 1, 20, '', NULL, 1, NULL, 122),
(130, 'Loana', 'Contreras', '', '44626956', 'F', '', 1, 1, '', 1, '2003-02-13', '2020-02-01', NULL, 1, 20, '', NULL, 1, NULL, 123),
(131, 'Daiana', 'Navarrete', '', '44562627', 'F', '', 1, 1, '', 1, '2002-12-22', '2020-02-01', NULL, 1, 20, '', NULL, 1, NULL, 124),
(132, 'Lourdes', 'Navarrete', '', '43667458', 'F', '', 1, 1, '', 1, '2001-09-03', '2020-02-01', NULL, 1, 20, '', NULL, 1, NULL, 125),
(133, 'Tatiana', 'Rojas', '', '43854517', 'F', '', 1, 1, '', 1, '2002-04-01', '2020-02-01', NULL, 1, 19, '', NULL, 1, NULL, 126),
(134, 'Priscila', 'Avila', '', '46814793', 'F', '', 1, 1, '', 1, '2005-07-01', '2020-02-01', NULL, 1, 22, '', NULL, 1, NULL, 127),
(135, 'Giuliana', 'Berardo', '', '47089501', 'F', '', 1, 1, '', 1, '2005-10-26', '2020-02-01', NULL, 1, 22, '', NULL, 1, NULL, 128),
(136, 'Daiara', 'Bettez', '', '46827541', 'F', '', 1, 1, '', 1, '2004-10-26', '2020-02-01', NULL, 1, 22, '', NULL, 1, NULL, 129),
(137, 'Morena', 'Cerilliano', '', '47156773', 'F', '', 1, 1, '', 1, '2005-12-30', '2020-02-01', NULL, 1, 22, '', NULL, 1, NULL, 130),
(138, 'Morena', 'Gallo', '', '45621907', 'F', '', 1, 1, '', 1, '2004-04-25', '2020-01-01', NULL, 1, 22, '', NULL, 1, NULL, 131),
(139, 'Camila', 'Martinez', '', '45923335', 'F', '', 1, 1, '', 1, '2004-03-18', '2020-02-01', NULL, 1, 22, '', NULL, 1, NULL, 132),
(140, 'Paloma', 'Bareiro', '', '45130844', 'F', '', 1, 1, '', 1, '2004-01-13', '2020-02-01', NULL, 1, 22, '', NULL, 1, NULL, 133),
(141, 'Lucia', 'Porres', '', '48099983', 'F', '', 1, 1, '', 1, '2007-09-26', '2020-02-01', NULL, 1, 22, '', NULL, 1, NULL, 134),
(142, 'Nazarena', 'Chica', '', '47163203', 'F', '', 1, 1, '', 1, '2006-01-22', '2020-02-01', NULL, 1, 22, '', NULL, 1, NULL, 135),
(143, 'Sofia', 'Olivera', '', '47225989', 'F', '', 1, 1, '', 1, '2006-04-26', '2020-02-01', NULL, 1, 22, '', NULL, 1, NULL, 136),
(144, 'Bianca', 'Bettez', '', '47156698', 'F', '', 1, 1, '', 1, '2006-01-08', '2020-02-01', NULL, 1, 22, '', NULL, 1, NULL, 137),
(145, 'Ambar', 'Cardozo', '', '47411926', 'F', '', 1, 1, '', 1, '2006-07-29', '2020-02-01', NULL, 1, 22, '', NULL, 1, NULL, 138),
(146, 'Celina', 'Ojeda', '', '48300909', 'F', '', 1, 1, '', 1, '2007-09-21', '2020-02-01', NULL, 1, 22, '', NULL, 1, NULL, 139),
(147, 'Martina', 'Chica', '', '48986281', 'F', '', 1, 1, '', 1, '2008-10-10', '2020-02-01', NULL, 1, 21, '', NULL, 1, NULL, 140),
(148, 'Xiomara Azul', 'Franco', '', '1', 'F', '', 1, 1, '', 1, '2008-07-28', '2020-02-01', NULL, 1, 21, '', NULL, 1, NULL, 141),
(149, 'Camila', 'Olivera', '', '48662227', 'F', '', 1, 1, '', 1, '2008-04-20', '2020-02-01', NULL, 1, 21, '', NULL, 1, NULL, 142),
(150, 'Mia', 'Prieto', '', '1', 'F', '', 1, 1, '', 1, '2008-12-26', '2020-02-01', NULL, 1, 21, '', NULL, 1, NULL, 143),
(151, 'Milagros', 'Delgado', '', '1', 'F', '', 1, 1, '', 1, '2008-01-01', '2020-02-01', NULL, 1, 22, '', NULL, 1, NULL, 144),
(152, 'Pilar', 'Sanchez', '', '49057232', 'F', '', 1, 1, '', 1, '2008-11-03', '2020-02-01', NULL, 1, 21, '', NULL, 1, NULL, 145),
(153, 'Naiara', 'Gonzalez Dominguez', '', '50986194', 'F', '', 1, 1, '', 1, '2011-04-13', '2020-02-01', NULL, 1, 21, '', NULL, 1, NULL, 146),
(154, 'Aitana Aurora', 'Guevara', '', '51287658', 'F', '', 1, 1, '', 1, '2010-09-08', '2020-02-01', NULL, 1, 21, '', NULL, 1, NULL, 147),
(155, 'Zoe Samira', 'Lizarraga', '', '53151591', 'F', '', 1, 1, '', 1, '2012-12-17', '2020-02-01', NULL, 1, 21, '', NULL, 1, NULL, 148),
(156, 'Valentina Consuelto', 'Guevara', '', '52920871', 'F', '', 1, 1, '', 1, '2012-11-08', '2020-02-01', NULL, 1, 21, '', NULL, 1, NULL, 149);

-- --------------------------------------------------------

--
-- Estructura de tabla para la tabla `peso_por_jugador`
--

DROP TABLE IF EXISTS `peso_por_jugador`;
CREATE TABLE IF NOT EXISTS `peso_por_jugador` (
  `id_peso` int(11) NOT NULL AUTO_INCREMENT,
  `id_persona` int(11) NOT NULL,
  `peso` float DEFAULT NULL,
  `fecha` date DEFAULT NULL,
  PRIMARY KEY (`id_peso`),
  KEY `id_persona` (`id_persona`)
) ENGINE=MyISAM AUTO_INCREMENT=23 DEFAULT CHARSET=latin1;

-- --------------------------------------------------------

--
-- Estructura de tabla para la tabla `presupuesto`
--

DROP TABLE IF EXISTS `presupuesto`;
CREATE TABLE IF NOT EXISTS `presupuesto` (
  `id_presupuesto` int(11) NOT NULL AUTO_INCREMENT,
  `anio` int(11) NOT NULL,
  `fecha_creacion` datetime NOT NULL,
  `id_item` int(11) NOT NULL,
  `total` float NOT NULL,
  PRIMARY KEY (`id_presupuesto`)
) ENGINE=MyISAM AUTO_INCREMENT=21 DEFAULT CHARSET=latin1;

--
-- Volcado de datos para la tabla `presupuesto`
--

INSERT INTO `presupuesto` (`id_presupuesto`, `anio`, `fecha_creacion`, `id_item`, `total`) VALUES
(1, 2019, '0000-00-00 00:00:00', 2, 18500),
(2, 2019, '0000-00-00 00:00:00', 3, 0),
(3, 2019, '0000-00-00 00:00:00', 5, 0),
(4, 2019, '0000-00-00 00:00:00', 10, 0),
(5, 2019, '0000-00-00 00:00:00', 8, 0),
(6, 2019, '0000-00-00 00:00:00', 7, 15000),
(7, 2019, '0000-00-00 00:00:00', 6, 80000),
(8, 2019, '0000-00-00 00:00:00', 4, 450000),
(9, 2019, '0000-00-00 00:00:00', 11, 0),
(10, 2019, '0000-00-00 00:00:00', 1, 490000),
(11, 2020, '0000-00-00 00:00:00', 2, 0),
(12, 2020, '0000-00-00 00:00:00', 3, 0),
(13, 2020, '0000-00-00 00:00:00', 5, 0),
(15, 2020, '0000-00-00 00:00:00', 8, 0),
(16, 2020, '0000-00-00 00:00:00', 7, 0),
(17, 2020, '0000-00-00 00:00:00', 6, 0),
(18, 2020, '0000-00-00 00:00:00', 4, 0),
(20, 2020, '0000-00-00 00:00:00', 1, 0);

-- --------------------------------------------------------

--
-- Estructura de tabla para la tabla `provincias`
--

DROP TABLE IF EXISTS `provincias`;
CREATE TABLE IF NOT EXISTS `provincias` (
  `id_provincia` int(11) NOT NULL AUTO_INCREMENT,
  `provincia_nombre` varchar(50) COLLATE utf8_spanish_ci NOT NULL,
  PRIMARY KEY (`id_provincia`)
) ENGINE=MyISAM AUTO_INCREMENT=25 DEFAULT CHARSET=utf8 COLLATE=utf8_spanish_ci;

--
-- Volcado de datos para la tabla `provincias`
--

INSERT INTO `provincias` (`id_provincia`, `provincia_nombre`) VALUES
(1, 'Buenos Aires'),
(2, 'Cordoba'),
(3, 'Tucuman'),
(4, 'Santa Fe'),
(5, 'Salta'),
(6, 'Jujuy'),
(7, 'Rio Negro'),
(9, 'Misiones'),
(10, 'La Pampa'),
(11, 'Santa Cruz'),
(12, 'Entre Rios'),
(13, 'San Luis'),
(14, 'San Juan'),
(15, 'Tierra del Fuego'),
(16, 'Corrientes'),
(17, 'Neuquen'),
(18, 'Chubut'),
(19, 'Mendoza'),
(20, 'Chaco'),
(21, 'Formosa'),
(22, 'Catamarca'),
(23, 'La Rioja'),
(24, 'Santiago del Estero');

-- --------------------------------------------------------

--
-- Estructura de tabla para la tabla `sueldos_por_empleado`
--

DROP TABLE IF EXISTS `sueldos_por_empleado`;
CREATE TABLE IF NOT EXISTS `sueldos_por_empleado` (
  `id_sueldo` int(11) NOT NULL AUTO_INCREMENT,
  `id_empleado` int(11) NOT NULL,
  `id_mes` int(11) NOT NULL,
  `anio` int(11) NOT NULL,
  `sueldo` float NOT NULL,
  `recargo` float DEFAULT NULL,
  `descuento` float DEFAULT NULL,
  `total` float NOT NULL,
  `estado` int(11) NOT NULL DEFAULT '0' COMMENT '0 = no pago, 1 = pago',
  `fecha` datetime NOT NULL,
  `deuda` float DEFAULT NULL,
  PRIMARY KEY (`id_sueldo`)
) ENGINE=MyISAM AUTO_INCREMENT=159 DEFAULT CHARSET=utf8 COLLATE=utf8_unicode_ci;

-- --------------------------------------------------------

--
-- Estructura de tabla para la tabla `test`
--

DROP TABLE IF EXISTS `test`;
CREATE TABLE IF NOT EXISTS `test` (
  `id_test` int(11) NOT NULL AUTO_INCREMENT,
  `test_nombre` varchar(255) NOT NULL,
  `id_unidad` int(11) DEFAULT NULL,
  `test_descripcion` varchar(255) DEFAULT NULL,
  `referencia_nac` decimal(10,0) DEFAULT NULL,
  `referencia_int` decimal(10,0) DEFAULT NULL,
  `tipo_test` varchar(255) NOT NULL,
  PRIMARY KEY (`id_test`),
  KEY `id_unidad` (`id_unidad`)
) ENGINE=MyISAM AUTO_INCREMENT=4 DEFAULT CHARSET=latin1;

-- --------------------------------------------------------

--
-- Estructura de tabla para la tabla `test_por_jugador`
--

DROP TABLE IF EXISTS `test_por_jugador`;
CREATE TABLE IF NOT EXISTS `test_por_jugador` (
  `id_test_por_jugador` int(11) NOT NULL AUTO_INCREMENT,
  `id_persona` int(11) NOT NULL,
  `id_test` int(11) NOT NULL,
  `valor` float NOT NULL,
  `id_unidad` int(11) NOT NULL,
  `fecha` datetime NOT NULL,
  PRIMARY KEY (`id_test_por_jugador`),
  KEY `id_persona` (`id_persona`,`id_test`),
  KEY `id_unidad` (`id_unidad`)
) ENGINE=MyISAM AUTO_INCREMENT=7 DEFAULT CHARSET=latin1;

-- --------------------------------------------------------

--
-- Estructura de tabla para la tabla `tipo_cuotas`
--

DROP TABLE IF EXISTS `tipo_cuotas`;
CREATE TABLE IF NOT EXISTS `tipo_cuotas` (
  `id_tipo_cuota` int(11) NOT NULL AUTO_INCREMENT,
  `descripcion_cuota` varchar(60) COLLATE utf8_spanish_ci NOT NULL,
  PRIMARY KEY (`id_tipo_cuota`)
) ENGINE=MyISAM AUTO_INCREMENT=24 DEFAULT CHARSET=utf8 COLLATE=utf8_spanish_ci;

--
-- Volcado de datos para la tabla `tipo_cuotas`
--

INSERT INTO `tipo_cuotas` (`id_tipo_cuota`, `descripcion_cuota`) VALUES
(6, 'Quinta'),
(5, 'Sexta'),
(4, 'Septima'),
(3, 'Octava'),
(2, 'Novena'),
(1, 'Infantiles'),
(7, 'Plantel Superior'),
(8, 'Adherente'),
(19, 'Beca'),
(20, 'Damas Mayores'),
(21, 'Damas Infantiles'),
(22, 'Damas 7ma y 6ta'),
(23, 'Local Caballeros');

-- --------------------------------------------------------

--
-- Estructura de tabla para la tabla `tipo_item`
--

DROP TABLE IF EXISTS `tipo_item`;
CREATE TABLE IF NOT EXISTS `tipo_item` (
  `id_tipo_item` int(11) NOT NULL AUTO_INCREMENT,
  `descripcion` varchar(40) NOT NULL,
  PRIMARY KEY (`id_tipo_item`)
) ENGINE=MyISAM AUTO_INCREMENT=3 DEFAULT CHARSET=latin1;

--
-- Volcado de datos para la tabla `tipo_item`
--

INSERT INTO `tipo_item` (`id_tipo_item`, `descripcion`) VALUES
(1, 'ingreso'),
(2, 'egreso');

-- --------------------------------------------------------

--
-- Estructura de tabla para la tabla `tipo_persona`
--

DROP TABLE IF EXISTS `tipo_persona`;
CREATE TABLE IF NOT EXISTS `tipo_persona` (
  `id_tipo_persona` int(11) NOT NULL AUTO_INCREMENT,
  `descripcion_persona` varchar(60) COLLATE utf8_spanish_ci NOT NULL,
  PRIMARY KEY (`id_tipo_persona`)
) ENGINE=MyISAM AUTO_INCREMENT=4 DEFAULT CHARSET=utf8 COLLATE=utf8_spanish_ci;

--
-- Volcado de datos para la tabla `tipo_persona`
--

INSERT INTO `tipo_persona` (`id_tipo_persona`, `descripcion_persona`) VALUES
(1, 'Socio'),
(2, 'Contacto Club'),
(3, 'Empleado');

-- --------------------------------------------------------

--
-- Estructura de tabla para la tabla `tipo_socio`
--

DROP TABLE IF EXISTS `tipo_socio`;
CREATE TABLE IF NOT EXISTS `tipo_socio` (
  `id_tipo_socio` int(11) NOT NULL AUTO_INCREMENT,
  `descripcion_socio` varchar(60) COLLATE utf8_spanish_ci NOT NULL,
  PRIMARY KEY (`id_tipo_socio`)
) ENGINE=MyISAM AUTO_INCREMENT=5 DEFAULT CHARSET=utf8 COLLATE=utf8_spanish_ci;

--
-- Volcado de datos para la tabla `tipo_socio`
--

INSERT INTO `tipo_socio` (`id_tipo_socio`, `descripcion_socio`) VALUES
(1, 'Jugador'),
(2, 'Dirigente'),
(3, 'Adherente');

-- --------------------------------------------------------

--
-- Estructura de tabla para la tabla `tipo_usuario`
--

DROP TABLE IF EXISTS `tipo_usuario`;
CREATE TABLE IF NOT EXISTS `tipo_usuario` (
  `id_tipo_usuario` int(11) NOT NULL AUTO_INCREMENT,
  `descripcion_usuario` varchar(100) CHARACTER SET utf32 COLLATE utf32_spanish_ci NOT NULL,
  PRIMARY KEY (`id_tipo_usuario`)
) ENGINE=MyISAM AUTO_INCREMENT=5 DEFAULT CHARSET=latin1;

--
-- Volcado de datos para la tabla `tipo_usuario`
--

INSERT INTO `tipo_usuario` (`id_tipo_usuario`, `descripcion_usuario`) VALUES
(1, 'Administrador'),
(2, 'Dirigente'),
(3, 'Entrenador'),
(4, 'Usuario');

-- --------------------------------------------------------

--
-- Estructura de tabla para la tabla `unidades`
--

DROP TABLE IF EXISTS `unidades`;
CREATE TABLE IF NOT EXISTS `unidades` (
  `id_unidad` int(11) NOT NULL AUTO_INCREMENT,
  `unidad` varchar(255) COLLATE utf8_spanish_ci NOT NULL,
  PRIMARY KEY (`id_unidad`)
) ENGINE=MyISAM AUTO_INCREMENT=10 DEFAULT CHARSET=utf8 COLLATE=utf8_spanish_ci;

--
-- Volcado de datos para la tabla `unidades`
--

INSERT INTO `unidades` (`id_unidad`, `unidad`) VALUES
(1, 'Metros'),
(2, 'Kilometros'),
(3, 'Segundos'),
(4, 'Minutos'),
(5, 'Horas'),
(6, 'Vueltas'),
(7, 'Repeticiones'),
(8, 'Gramos'),
(9, 'kilos');

-- --------------------------------------------------------

--
-- Estructura de tabla para la tabla `usuarios`
--

DROP TABLE IF EXISTS `usuarios`;
CREATE TABLE IF NOT EXISTS `usuarios` (
  `id_usuario` int(11) NOT NULL AUTO_INCREMENT,
  `user` varchar(100) NOT NULL,
  `pass` varchar(50) NOT NULL,
  `id_tipo_usuario` int(11) NOT NULL,
  `nombre` varchar(255) NOT NULL,
  `apellido` varchar(255) NOT NULL,
  `mail` varchar(255) NOT NULL,
  `ultima_sesion` datetime NOT NULL,
  `id_persona` int(11) NOT NULL,
  PRIMARY KEY (`id_usuario`),
  KEY `id_tipo_usuario` (`id_tipo_usuario`)
) ENGINE=MyISAM AUTO_INCREMENT=42 DEFAULT CHARSET=latin1;

--
-- Volcado de datos para la tabla `usuarios`
--

INSERT INTO `usuarios` (`id_usuario`, `user`, `pass`, `id_tipo_usuario`, `nombre`, `apellido`, `mail`, `ultima_sesion`, `id_persona`) VALUES
(1, 'DArdusso', '29141835', 1, 'David', 'Ardusso', '', '2020-04-16 07:49:29', 1),
(2, 'SWhelan', '27417515', 4, 'Santiago', 'Whelan', '', '2018-07-25 10:23:55', 2),
(3, 'NCapurro', '28801781', 4, 'Nicolas', 'Capurro', '', '2018-07-30 15:08:05', 3),
(4, 'CDomecq', '33646247', 4, 'Carlos', 'Domecq', '', '2018-07-30 16:29:24', 4),
(5, 'DGrill', '28102807', 4, 'Diego', 'Grill', '', '2019-07-25 17:50:42', 5),
(31, 'SPuglisi', '43457088', 4, 'Santiago', 'Puglisi', '', '0000-00-00 00:00:00', 37),
(7, 'FPezzelato', '27087281', 4, 'Franco', 'Pezzelato', '', '2018-07-31 11:21:39', 7),
(8, 'VAbal', '35621147', 3, 'Valentin', 'Abal', '', '2018-07-30 15:47:29', 8),
(9, 'EEciolaza', '40831424', 4, 'Emanuel', 'Eciolaza', '', '0000-00-00 00:00:00', 9),
(10, 'DMarziali', '36616775', 4, 'Diego', 'Marziali', '', '0000-00-00 00:00:00', 10),
(12, 'NRodriguez', '36616552', 4, 'Nahuel', 'Rodriguez', '', '2018-07-30 12:55:07', 12),
(13, 'LRodriguez', '39850166', 4, 'Lautaro', 'Rodriguez', '', '2018-07-30 15:18:30', 13),
(14, 'RTorres', '36780981', 4, 'Rodrigo', 'Torres', '', '2018-07-30 15:13:45', 14),
(15, 'JVaruzza', '28323970', 4, 'Julian', 'Varuzza', '', '2020-03-30 20:56:15', 15),
(17, 'RFernandez', '37405333', 4, 'Rodrigo', 'Fernandez', '', '0000-00-00 00:00:00', 17),
(18, 'AFranco', '34851529', 4, 'Agustin', 'Franco', '', '2018-07-30 15:16:09', 18),
(19, 'LIslas', '36363790', 4, 'Lucas', 'Islas', '', '0000-00-00 00:00:00', 19),
(20, 'JMartinez', '39338312', 3, 'Juan Cruz', 'Martinez', '', '2020-02-01 23:52:11', 20),
(21, 'EMorales', '39671530', 4, 'Ezequiel', 'Morales', '', '2020-04-02 16:07:27', 21),
(22, 'ANejamkin', '37557492', 4, 'Andres', 'Nejamkin', '', '2018-11-29 17:46:32', 22),
(23, 'PNorberto', '28878221', 4, 'Pablo', 'Norberto', '', '0000-00-00 00:00:00', 23),
(26, 'FRodriguez', '17741019', 2, 'Fabian', 'Rodriguez', '', '2018-10-24 11:31:14', 29),
(27, 'JRuiz', '33408700', 4, 'Joaquin', 'Ruiz', '', '2018-12-03 17:21:30', 26),
(28, 'LHernandez', '22723277', 2, 'Laura Gabriela', 'Hernandez', '', '2020-04-15 19:02:40', 31),
(30, 'GDeLeon', '41306887', 4, 'Gonzalo', 'DeLeon', '', '2019-03-19 23:58:00', 34),
(32, 'TCesari', '44336483', 4, 'Tadeo', 'Cesari', '', '2019-12-12 14:36:56', 42),
(33, 'GHenderson', '43246212', 4, 'Guillermo', 'Henderson', '', '2019-09-08 21:04:03', 38),
(34, 'ILopezManas', '44460176', 4, 'Ignacio', 'LopezManas', '', '0000-00-00 00:00:00', 47),
(35, 'JMassenzio', '44265082', 4, 'Julian', 'Massenzio', '', '0000-00-00 00:00:00', 41),
(37, 'TMurga', '44417321', 4, 'Tomas', 'Murga', '', '2019-07-19 13:31:56', 44),
(38, 'MRaimondi', '44415251', 4, 'Mateo', 'Raimondi', '', '2020-03-10 12:32:28', 45),
(39, 'BRondi', '43456670', 4, 'Bautista', 'Rondi', '', '0000-00-00 00:00:00', 40),
(40, 'MSilva', '44534862', 4, 'Mateo', 'Silva', '', '2019-09-17 13:53:33', 46),
(41, 'JRodriguez', '42946338', 4, 'Julian', 'Rodriguez', '', '0000-00-00 00:00:00', 39);

-- --------------------------------------------------------

--
-- Estructura de tabla para la tabla `valores_cuotas`
--

DROP TABLE IF EXISTS `valores_cuotas`;
CREATE TABLE IF NOT EXISTS `valores_cuotas` (
  `id_valor_cuota` int(11) NOT NULL AUTO_INCREMENT,
  `fecha_desde` date NOT NULL,
  `valor_cuota` int(11) NOT NULL,
  `id_tipo_cuota` int(11) NOT NULL,
  `fecha_test` varchar(30) COLLATE utf8_spanish_ci NOT NULL,
  PRIMARY KEY (`id_valor_cuota`),
  KEY `id_tipo_cuota` (`id_tipo_cuota`)
) ENGINE=MyISAM AUTO_INCREMENT=12 DEFAULT CHARSET=utf8 COLLATE=utf8_spanish_ci;

--
-- Volcado de datos para la tabla `valores_cuotas`
--

INSERT INTO `valores_cuotas` (`id_valor_cuota`, `fecha_desde`, `valor_cuota`, `id_tipo_cuota`, `fecha_test`) VALUES
(1, '2020-01-01', 2200, 7, ''),
(2, '2018-01-01', 0, 19, ''),
(3, '2020-02-01', 1200, 2, ''),
(4, '2020-02-01', 850, 1, ''),
(5, '2020-02-01', 1200, 3, ''),
(6, '2020-02-01', 1500, 4, ''),
(7, '2020-02-01', 1700, 5, ''),
(8, '2020-01-01', 1800, 6, ''),
(9, '2020-01-01', 700, 21, ''),
(10, '2020-01-01', 1200, 20, ''),
(11, '2020-01-01', 800, 23, '');
COMMIT;

/*!40101 SET CHARACTER_SET_CLIENT=@OLD_CHARACTER_SET_CLIENT */;
/*!40101 SET CHARACTER_SET_RESULTS=@OLD_CHARACTER_SET_RESULTS */;
/*!40101 SET COLLATION_CONNECTION=@OLD_COLLATION_CONNECTION */;
